time,run_index,msg_size,cwnd
3626.472,0,100000,14850
3636.9639,0,100000,10395
3674.3145,0,100000,11745
3722.361,0,100000,13095
3770.6328,0,100000,14445
3622.8418,1,100000,14850
3645.2126,1,100000,10395
3692.316,1,100000,11745
3740.0583,1,100000,13095
3788.9807,1,100000,14445
3628.0037,2,100000,14850
3638.8643,2,100000,10395
3658.9543,2,100000,11745
3709.8071,2,100000,13095
3759.0918,2,100000,14445
3637.5308,3,100000,14850
3660.2866,3,100000,10395
3707.408,3,100000,11745
3755.1829,3,100000,13095
3803.2717,3,100000,14445
3636.6067,4,100000,14850
3647.225,4,100000,10395
3661.1138,4,100000,11745
3708.934,4,100000,13095
3758.1606,4,100000,14445
3622.1152,5,100000,14850
3643.9216,5,100000,10395
3690.8042,5,100000,11745
3739.3176,5,100000,13095
3788.3452,5,100000,14445
3604.2002,6,100000,14850
3614.8906,6,100000,10395
3657.8113,6,100000,11745
3706.129,6,100000,13095
3627.7017,7,100000,14850
3636.9756,7,100000,10395
3675.8455,7,100000,11745
3725.979,7,100000,13095
3774.813,7,100000,14445
3632.5188,8,100000,14850
3642.5713,8,100000,10395
3653.601,8,100000,11745
3703.922,8,100000,13095
3752.488,8,100000,14445
3614.2766,9,100000,14850
3624.8403,9,100000,10395
3639.4167,9,100000,11745
3685.916,9,100000,13095
3733.35,9,100000,14445
3627.8792,0,1000000,14850
3639.692,0,1000000,10395
3684.6433,0,1000000,11745
3734.264,0,1000000,13095
3782.918,0,1000000,14445
3830.6863,0,1000000,15795
3854.974,0,1000000,17145
3879.664,0,1000000,18495
3904.4314,0,1000000,19845
3929.0823,0,1000000,21195
3953.5967,0,1000000,22545
3978.0894,0,1000000,23895
4002.8682,0,1000000,25245
4028.2122,0,1000000,26595
4054.081,0,1000000,27945
4079.7805,0,1000000,29295
4106.0474,0,1000000,30645
4132.2734,0,1000000,31995
4159.471,0,1000000,33345
4186.008,0,1000000,34695
4213.3887,0,1000000,36045
4249.1274,0,1000000,37395
4276.1177,0,1000000,38745
4303.566,0,1000000,40095
4331.9907,0,1000000,41445
4359.7456,0,1000000,42795
4387.9697,0,1000000,44145
4416.076,0,1000000,45495
4445.951,0,1000000,46845
4474.9688,0,1000000,48195
4504.4106,0,1000000,49545
4534.029,0,1000000,50895
4564.4214,0,1000000,52245
3623.2288,1,1000000,14850
3646.5552,1,1000000,10395
3696.1504,1,1000000,11745
3744.8137,1,1000000,13095
3792.795,1,1000000,14445
3842.3118,1,1000000,15795
3866.3218,1,1000000,17145
3890.879,1,1000000,18495
3915.343,1,1000000,19845
3939.7927,1,1000000,21195
3967.3367,1,1000000,22545
3994.8325,1,1000000,23895
4022.662,1,1000000,25245
4050.0369,1,1000000,26595
4079.6084,1,1000000,27945
4109.2876,1,1000000,29295
4135.399,1,1000000,30645
4161.6406,1,1000000,31995
4187.979,1,1000000,33345
4215.4375,1,1000000,34695
4243.285,1,1000000,36045
4280.3267,1,1000000,37395
4316.54,1,1000000,38745
4344.016,1,1000000,40095
4371.8184,1,1000000,41445
4400.9756,1,1000000,42795
4428.8716,1,1000000,44145
4456.9585,1,1000000,45495
4485.4385,1,1000000,46845
4514.8384,1,1000000,48195
4544.853,1,1000000,49545
4574.351,1,1000000,50895
3611.8457,2,1000000,14850
3635.664,2,1000000,10395
3684.555,2,1000000,11745
3733.3174,2,1000000,13095
3782.161,2,1000000,14445
3830.9932,2,1000000,15795
3855.1992,2,1000000,17145
3879.6816,2,1000000,18495
3905.605,2,1000000,19845
3933.6353,2,1000000,21195
3961.5288,2,1000000,22545
3987.4397,2,1000000,23895
4013.1865,2,1000000,25245
4037.9363,2,1000000,26595
4063.8518,2,1000000,27945
4089.449,2,1000000,29295
4114.9053,2,1000000,30645
4140.5215,2,1000000,31995
4165.791,2,1000000,33345
4192.0254,2,1000000,34695
4217.422,2,1000000,36045
4252.8154,2,1000000,37395
4279.636,2,1000000,38745
4307.084,2,1000000,40095
4339.9263,2,1000000,41445
4366.8877,2,1000000,42795
4395.9165,2,1000000,44145
4426.0312,2,1000000,45495
4453.915,2,1000000,46845
4481.9243,2,1000000,48195
4510.6284,2,1000000,49545
4538.666,2,1000000,50895
4566.905,2,1000000,52245
3607.0156,3,1000000,14850
3618.9731,3,1000000,10395
3665.3245,3,1000000,11745
3713.7617,3,1000000,13095
3764.8977,3,1000000,14445
3815.4578,3,1000000,15795
3839.591,3,1000000,17145
3863.8738,3,1000000,18495
3889.1797,3,1000000,19845
3914.252,3,1000000,21195
3941.835,3,1000000,22545
3966.2947,3,1000000,23895
3991.0586,3,1000000,25245
4016.4834,3,1000000,26595
4041.5388,3,1000000,27945
4066.9966,3,1000000,29295
4092.9106,3,1000000,30645
4119.981,3,1000000,31995
4148.3066,3,1000000,33345
4174.4824,3,1000000,34695
4200.9067,3,1000000,36045
4237.4185,3,1000000,37395
4265.268,3,1000000,38745
4293.353,3,1000000,40095
4321.2275,3,1000000,41445
4348.765,3,1000000,42795
4376.915,3,1000000,44145
4405.386,3,1000000,45495
4434.338,3,1000000,46845
4462.9863,3,1000000,48195
4492.1416,3,1000000,49545
4522.3438,3,1000000,50895
4552.1343,3,1000000,52245
3613.754,4,1000000,14850
3625.7637,4,1000000,10395
3670.313,4,1000000,11745
3719.2375,4,1000000,13095
3768.8242,4,1000000,14445
3818.0608,4,1000000,15795
3843.1465,4,1000000,17145
3867.4204,4,1000000,18495
3891.9697,4,1000000,19845
3915.9785,4,1000000,21195
3939.9282,4,1000000,22545
3964.1804,4,1000000,23895
3988.8347,4,1000000,25245
4016.9333,4,1000000,26595
4042.3474,4,1000000,27945
4066.7185,4,1000000,29295
4091.8184,4,1000000,30645
4119.733,4,1000000,31995
4144.914,4,1000000,33345
4171.7603,4,1000000,34695
4197.765,4,1000000,36045
4231.371,4,1000000,37395
4265.625,4,1000000,38745
4292.254,4,1000000,40095
4318.8457,4,1000000,41445
4345.4365,4,1000000,42795
4372.425,4,1000000,44145
4399.511,4,1000000,45495
4427.3696,4,1000000,46845
4455.172,4,1000000,48195
4483.556,4,1000000,49545
4511.408,4,1000000,50895
4539.5293,4,1000000,52245
3354.176,5,1000000,14850
3365.0486,5,1000000,10395
3411.0151,5,1000000,11745
3460.7131,5,1000000,13095
3513.381,5,1000000,14445
3562.2124,5,1000000,15795
3587.1592,5,1000000,17145
3614.4302,5,1000000,18495
3639.9736,5,1000000,19845
3664.8616,5,1000000,21195
3693.48,5,1000000,22545
3722.1619,5,1000000,23895
3751.278,5,1000000,25245
3779.665,5,1000000,26595
3804.999,5,1000000,27945
3830.0845,5,1000000,29295
3857.107,5,1000000,30645
3882.5823,5,1000000,31995
3909.7466,5,1000000,33345
3937.903,5,1000000,34695
3965.4092,5,1000000,36045
4001.3167,5,1000000,37395
4029.7031,5,1000000,38745
4058.303,5,1000000,40095
4085.8174,5,1000000,41445
4114.566,5,1000000,42795
4143.663,5,1000000,44145
4171.849,5,1000000,45495
4200.246,5,1000000,46845
4228.9897,5,1000000,48195
4258.126,5,1000000,49545
4287.5825,5,1000000,50895
4317.3604,5,1000000,52245
3585.4136,6,1000000,14850
3596.4612,6,1000000,10395
3644.3247,6,1000000,11745
3693.201,6,1000000,13095
3742.2986,6,1000000,14445
3792.521,6,1000000,15795
3818.035,6,1000000,17145
3842.7664,6,1000000,18495
3879.1565,6,1000000,19845
3907.5618,6,1000000,21195
3934.6572,6,1000000,22545
3960.7434,6,1000000,23895
3987.0686,6,1000000,25245
4014.6885,6,1000000,26595
4043.9282,6,1000000,27945
4071.2952,6,1000000,29295
4105.3687,6,1000000,30645
4132.0586,6,1000000,31995
4158.9204,6,1000000,33345
4185.7183,6,1000000,34695
4218.2983,6,1000000,36045
4256.893,6,1000000,37395
4285.2583,6,1000000,38745
4313.7627,6,1000000,40095
4341.918,6,1000000,41445
4370.9585,6,1000000,42795
4400.314,6,1000000,44145
4428.799,6,1000000,45495
4458.84,6,1000000,46845
4487.8545,6,1000000,48195
4517.7153,6,1000000,49545
4547.1914,6,1000000,50895
4577.369,6,1000000,52245
3630.3552,7,1000000,14850
3654.3542,7,1000000,10395
3703.8506,7,1000000,11745
3753.9368,7,1000000,13095
3806.0522,7,1000000,14445
3856.5078,7,1000000,15795
3881.5002,7,1000000,17145
3906.5344,7,1000000,18495
3934.5583,7,1000000,19845
3961.8506,7,1000000,21195
3988.252,7,1000000,22545
4015.2417,7,1000000,23895
4039.826,7,1000000,25245
4066.0305,7,1000000,26595
4091.6729,7,1000000,27945
4117.604,7,1000000,29295
4142.67,7,1000000,30645
4167.962,7,1000000,31995
4195.9956,7,1000000,33345
4222.384,7,1000000,34695
4249.1406,7,1000000,36045
4283.6987,7,1000000,37395
4310.6,7,1000000,38745
4338.5415,7,1000000,40095
4366.634,7,1000000,41445
4394.229,7,1000000,42795
4421.9927,7,1000000,44145
4449.898,7,1000000,45495
4477.8716,7,1000000,46845
4507.225,7,1000000,48195
4537.4746,7,1000000,49545
4566.142,7,1000000,50895
4595.468,7,1000000,52245
3604.001,8,1000000,14850
3630.3008,8,1000000,10395
3683.5554,8,1000000,11745
3733.6777,8,1000000,13095
3783.3245,8,1000000,14445
3833.8884,8,1000000,15795
3858.6443,8,1000000,17145
3885.257,8,1000000,18495
3910.2407,8,1000000,19845
3935.5747,8,1000000,21195
3963.7083,8,1000000,22545
3991.2737,8,1000000,23895
4018.4927,8,1000000,25245
4046.135,8,1000000,26595
4075.1177,8,1000000,27945
4102.5234,8,1000000,29295
4128.383,8,1000000,30645
4156.637,8,1000000,31995
4183.065,8,1000000,33345
4210.759,8,1000000,34695
4238.786,8,1000000,36045
4275.174,8,1000000,37395
4302.0884,8,1000000,38745
4330.006,8,1000000,40095
4357.3633,8,1000000,41445
4385.955,8,1000000,42795
4415.3706,8,1000000,44145
4443.924,8,1000000,45495
4474.8286,8,1000000,46845
4503.711,8,1000000,48195
4538.771,8,1000000,49545
4568.2656,8,1000000,50895
4597.702,8,1000000,52245
3609.7307,9,1000000,14850
3620.6345,9,1000000,10395
3642.6016,9,1000000,11745
3692.6897,9,1000000,13095
3742.4792,9,1000000,14445
3792.376,9,1000000,15795
3819.7073,9,1000000,17145
3847.8884,9,1000000,18495
3875.8064,9,1000000,19845
3905.4856,9,1000000,21195
3931.3154,9,1000000,22545
3957.9526,9,1000000,23895
3983.9182,9,1000000,25245
4010.8843,9,1000000,26595
4037.398,9,1000000,27945
4064.1445,9,1000000,29295
4090.7354,9,1000000,30645
4117.7505,9,1000000,31995
4144.3604,9,1000000,33345
4172.706,9,1000000,34695
4199.7246,9,1000000,36045
4236.164,9,1000000,37395
4263.386,9,1000000,38745
4291.281,9,1000000,40095
4318.9775,9,1000000,41445
4347.461,9,1000000,42795
4375.738,9,1000000,44145
4404.868,9,1000000,45495
4434.6426,9,1000000,46845
4464.33,9,1000000,48195
4493.892,9,1000000,49545
4523.479,9,1000000,50895
4554.571,9,1000000,52245
3624.5605,0,10000000,14850
3657.7673,0,10000000,10395
3756.7078,0,10000000,11745
3844.8992,0,10000000,13095
3942.0916,0,10000000,14445
4034.6365,0,10000000,15795
4095.9001,0,10000000,17145
4128.0757,0,10000000,18495
4163.447,0,10000000,19845
4200.707,0,10000000,21195
4239.3555,0,10000000,22545
4279.849,0,10000000,23895
4322.081,0,10000000,25245
4365.845,0,10000000,26595
4411.599,0,10000000,27945
4458.1914,0,10000000,29295
4505.6104,0,10000000,30645
4554.8237,0,10000000,31995
4606.417,0,10000000,33345
4710.648,0,10000000,34695
4761.1606,0,10000000,36045
4816.833,0,10000000,37395
4872.8276,0,10000000,38745
4930.231,0,10000000,40095
4988.967,0,10000000,41445
5048.5547,0,10000000,42795
5110.6587,0,10000000,44145
5172.995,0,10000000,45495
5237.0005,0,10000000,46845
5302.785,0,10000000,48195
5369.5635,0,10000000,49545
5437.782,0,10000000,50895
5507.413,0,10000000,52245
5578.051,0,10000000,53595
5649.936,0,10000000,54945
5724.3955,0,10000000,56295
5799.6143,0,10000000,57645
5875.5063,0,10000000,58995
5953.0996,0,10000000,60345
6031.9556,0,10000000,61695
6112.4116,0,10000000,63045
6193.216,0,10000000,64395
6275.809,0,10000000,65745
6358.7144,0,10000000,67095
6443.546,0,10000000,68445
6539.0625,0,10000000,69795
6667.8403,0,10000000,71145
6764.3203,0,10000000,72495
6862.428,0,10000000,73845
6961.931,0,10000000,75195
7062.129,0,10000000,76545
7163.197,0,10000000,77895
7266.1333,0,10000000,79245
7369.8887,0,10000000,80595
7475.0835,0,10000000,81945
7581.062,0,10000000,83295
7688.415,0,10000000,84645
7796.477,0,10000000,85995
7906.1167,0,10000000,87345
8016.755,0,10000000,88695
8128.452,0,10000000,90045
8241.517,0,10000000,91395
8357.501,0,10000000,92745
8573.4,0,10000000,94095
8685.143,0,10000000,95445
8806.159,0,10000000,96795
8929.787,0,10000000,98145
9154.652,0,10000000,99495
9269.82,0,10000000,100845
9391.165,0,10000000,102195
9513.776,0,10000000,103545
9637.28,0,10000000,104895
9872.135,0,10000000,106245
9991.447,0,10000000,107595
10118.341,0,10000000,108945
10358.13,0,10000000,110295
10477.167,0,10000000,111645
10606.639,0,10000000,112995
10850.616,0,10000000,114345
10971.701,0,10000000,115695
11101.414,0,10000000,117045
11232.401,0,10000000,118395
11479.4,0,10000000,119745
11602.672,0,10000000,121095
11734.043,0,10000000,122445
11983.851,0,10000000,123795
12108.623,0,10000000,125145
12242.278,0,10000000,126495
12496.241,0,10000000,127845
12621.326,0,10000000,129195
12756.007,0,10000000,130545
13010.427,0,10000000,131895
13136.38,0,10000000,133245
13276.347,0,10000000,134595
13538.892,0,10000000,135945
13665.218,0,10000000,137295
13804.562,0,10000000,138645
14059.187,0,10000000,139995
14179.777,0,10000000,141345
14313.358,0,10000000,142695
14563.8955,0,10000000,144045
14684.755,0,10000000,145395
14954.264,0,10000000,101776
15430.744,0,10000000,104476
15567.537,0,10000000,105826
15742.817,0,10000000,107176
15872.629,0,10000000,108526
15998.778,0,10000000,109876
16087.65,0,10000000,76913
16140.809,0,10000000,109876
16184.102,0,10000000,111226
16403.291,0,10000000,112576
16447.0,0,10000000,113926
3613.141,1,10000000,14850
3647.4048,1,10000000,10395
3742.4617,1,10000000,11745
3865.875,1,10000000,13095
3964.0222,1,10000000,14445
4032.972,1,10000000,15795
4069.5225,1,10000000,17145
4107.965,1,10000000,18495
4147.7886,1,10000000,19845
4189.451,1,10000000,21195
4232.8057,1,10000000,22545
4279.7866,1,10000000,23895
4368.71,1,10000000,25245
4418.4,1,10000000,26595
4484.8467,1,10000000,27945
4604.892,1,10000000,29295
4660.6943,1,10000000,30645
4722.0522,1,10000000,31995
4834.089,1,10000000,33345
4888.667,1,10000000,34695
4948.257,1,10000000,36045
5066.816,1,10000000,37395
5124.959,1,10000000,38745
5188.702,1,10000000,40095
5313.485,1,10000000,41445
5375.3364,1,10000000,42795
5443.063,1,10000000,44145
5511.5366,1,10000000,45495
5581.772,1,10000000,46845
5653.428,1,10000000,48195
5727.027,1,10000000,49545
5801.0557,1,10000000,50895
5876.7046,1,10000000,52245
5953.6025,1,10000000,53595
6031.0103,1,10000000,54945
6110.2656,1,10000000,56295
6191.2334,1,10000000,57645
6272.8506,1,10000000,58995
6355.3096,1,10000000,60345
6439.487,1,10000000,61695
6525.0547,1,10000000,63045
6717.63,1,10000000,64395
6807.586,1,10000000,65745
6902.3125,1,10000000,67095
7001.6797,1,10000000,68445
7099.5176,1,10000000,69795
7201.693,1,10000000,71145
7305.5986,1,10000000,72495
7411.2266,1,10000000,73845
7518.0566,1,10000000,75195
7626.821,1,10000000,76545
7832.009,1,10000000,77895
7935.8477,1,10000000,79245
8047.6436,1,10000000,80595
8160.7944,1,10000000,81945
8274.783,1,10000000,83295
8391.242,1,10000000,84645
8507.6,1,10000000,85995
8624.933,1,10000000,87345
8744.29,1,10000000,88695
8863.421,1,10000000,90045
8983.61,1,10000000,91395
9104.755,1,10000000,92745
9226.649,1,10000000,94095
9350.023,1,10000000,95445
9473.358,1,10000000,96795
9597.911,1,10000000,98145
9723.201,1,10000000,99495
9849.369,1,10000000,100845
9977.037,1,10000000,102195
10105.244,1,10000000,103545
10233.886,1,10000000,104895
10364.095,1,10000000,106245
10493.998,1,10000000,107595
10625.928,1,10000000,108945
10874.378,1,10000000,110295
10999.656,1,10000000,111645
11133.12,1,10000000,112995
11385.771,1,10000000,114345
11512.259,1,10000000,115695
11647.597,1,10000000,117045
11904.751,1,10000000,118395
12031.687,1,10000000,119745
12170.17,1,10000000,121095
12433.574,1,10000000,122445
12562.873,1,10000000,123795
12703.303,1,10000000,125145
12967.082,1,10000000,126495
13097.33,1,10000000,127845
13239.796,1,10000000,129195
13505.581,1,10000000,130545
13636.251,1,10000000,91381
17572.93,1,10000000,130545
3586.4688,2,10000000,14850
3602.694,2,10000000,10395
3669.7263,2,10000000,11745
3744.2651,2,10000000,13095
3826.294,2,10000000,14445
3920.862,2,10000000,15795
3972.47,2,10000000,17145
4010.295,2,10000000,18495
4076.1743,2,10000000,19845
4107.3496,2,10000000,21195
4142.1885,2,10000000,22545
4179.267,2,10000000,23895
4217.6445,2,10000000,25245
4257.5806,2,10000000,26595
4299.0815,2,10000000,27945
4341.7666,2,10000000,29295
4385.407,2,10000000,30645
4430.127,2,10000000,31995
4475.7603,2,10000000,33345
4523.1514,2,10000000,34695
4573.599,2,10000000,36045
4683.7427,2,10000000,37395
4732.1245,2,10000000,38745
4785.9214,2,10000000,40095
4840.715,2,10000000,41445
4897.0327,2,10000000,42795
4954.308,2,10000000,44145
5013.7593,2,10000000,45495
5126.6094,2,10000000,46845
5190.2285,2,10000000,48195
5260.377,2,10000000,49545
5332.8916,2,10000000,50895
5460.1646,2,10000000,52245
5526.849,2,10000000,53595
5597.777,2,10000000,54945
5670.4565,2,10000000,56295
5809.4897,2,10000000,57645
5881.0547,2,10000000,58995
5957.623,2,10000000,60345
6035.6177,2,10000000,61695
6113.962,2,10000000,63045
6194.064,2,10000000,64395
6348.049,2,10000000,65745
6428.3213,2,10000000,67095
6563.5176,2,10000000,68445
6658.8257,2,10000000,69795
6754.134,2,10000000,71145
6851.19,2,10000000,72495
6950.165,2,10000000,73845
7218.9253,2,10000000,75195
7407.2715,2,10000000,76545
7690.248,2,10000000,77895
7790.4307,2,10000000,79245
7898.889,2,10000000,80595
8104.076,2,10000000,81945
8207.117,2,10000000,83295
8319.423,2,10000000,84645
8532.279,2,10000000,85995
8641.223,2,10000000,87345
8754.049,2,10000000,88695
8869.273,2,10000000,90045
9090.438,2,10000000,91395
9200.12,2,10000000,92745
9320.617,2,10000000,94095
9546.691,2,10000000,95445
9658.805,2,10000000,96795
9781.466,2,10000000,98145
10012.004,2,10000000,99495
10126.234,2,10000000,100845
10251.253,2,10000000,102195
10488.92,2,10000000,103545
10605.659,2,10000000,104895
10733.52,2,10000000,106245
10974.359,2,10000000,107595
11094.368,2,10000000,108945
11222.765,2,10000000,110295
11466.529,2,10000000,111645
11587.248,2,10000000,112995
11719.473,2,10000000,114345
11968.367,2,10000000,115695
12091.063,2,10000000,117045
12224.426,2,10000000,118395
12476.653,2,10000000,119745
12600.722,2,10000000,121095
12735.022,2,10000000,122445
12989.62,2,10000000,123795
13115.166,2,10000000,125145
13252.08,2,10000000,126495
13510.867,2,10000000,127845
13637.549,2,10000000,129195
13775.361,2,10000000,130545
14036.69,2,10000000,131895
14163.945,2,10000000,133245
14303.587,2,10000000,134595
14568.959,2,10000000,135945
14695.607,2,10000000,137295
14958.45,2,10000000,138645
15078.302,2,10000000,139995
15330.217,2,10000000,141345
15450.769,2,10000000,142695
15704.104,2,10000000,144045
15825.235,2,10000000,145395
16078.693,2,10000000,146745
16198.536,2,10000000,148095
16449.441,2,10000000,149445
16569.803,2,10000000,150795
16822.98,2,10000000,152145
16880.984,2,10000000,153495
16939.95,2,10000000,154845
16997.94,2,10000000,156195
17054.074,2,10000000,157545
17112.61,2,10000000,158895
17169.656,2,10000000,160245
17232.102,2,10000000,161595
17290.242,2,10000000,162945
17347.133,2,10000000,164295
17406.352,2,10000000,165645
17466.021,2,10000000,166995
3626.259,3,10000000,14850
3652.8071,3,10000000,10395
3752.913,3,10000000,11745
3851.1704,3,10000000,13095
3917.9502,3,10000000,14445
4014.4673,3,10000000,15795
4050.1394,3,10000000,17145
4087.7605,3,10000000,18495
4126.8105,3,10000000,19845
4167.654,3,10000000,21195
4210.033,3,10000000,22545
4254.2036,3,10000000,23895
4299.946,3,10000000,25245
4347.4272,3,10000000,26595
4396.739,3,10000000,27945
4446.5083,3,10000000,29295
4497.799,3,10000000,30645
4605.85,3,10000000,31995
4656.3403,3,10000000,33345
4711.2153,3,10000000,34695
4767.7676,3,10000000,36045
4826.5815,3,10000000,37395
4885.8804,3,10000000,38745
4946.4,3,10000000,40095
5008.616,3,10000000,41445
5071.8467,3,10000000,42795
5136.946,3,10000000,44145
5202.8345,3,10000000,45495
5270.394,3,10000000,46845
5339.7334,3,10000000,48195
5409.75,3,10000000,49545
5481.1313,3,10000000,50895
5554.1133,3,10000000,52245
5628.4385,3,10000000,53595
5703.824,3,10000000,54945
5780.6587,3,10000000,56295
5858.858,3,10000000,57645
5937.9683,3,10000000,58995
6018.443,3,10000000,60345
6100.4404,3,10000000,61695
6183.5884,3,10000000,63045
6267.4707,3,10000000,64395
6353.2593,3,10000000,65745
6486.103,3,10000000,67095
6575.6323,3,10000000,68445
6669.5444,3,10000000,69795
6769.941,3,10000000,71145
6869.625,3,10000000,72495
6971.412,3,10000000,73845
7074.3315,3,10000000,75195
7178.1826,3,10000000,76545
7283.315,3,10000000,77895
7389.788,3,10000000,79245
7496.979,3,10000000,80595
7605.8867,3,10000000,81945
7715.586,3,10000000,83295
7826.3667,3,10000000,84645
7938.232,3,10000000,85995
8051.2905,3,10000000,87345
8165.324,3,10000000,88695
8280.448,3,10000000,90045
8396.703,3,10000000,91395
8513.534,3,10000000,92745
8632.031,3,10000000,94095
8750.76,3,10000000,95445
8871.706,3,10000000,96795
8992.815,3,10000000,98145
9113.754,3,10000000,99495
9235.917,3,10000000,100845
9358.899,3,10000000,102195
9482.832,3,10000000,103545
9607.421,3,10000000,104895
9731.974,3,10000000,106245
9858.363,3,10000000,107595
9985.363,3,10000000,108945
10112.609,3,10000000,110295
10240.77,3,10000000,111645
10369.901,3,10000000,112995
10498.864,3,10000000,114345
10628.5,3,10000000,115695
10759.456,3,10000000,117045
10890.146,3,10000000,118395
11021.458,3,10000000,119745
11154.147,3,10000000,121095
11286.976,3,10000000,122445
11420.082,3,10000000,123795
11553.879,3,10000000,125145
11687.968,3,10000000,126495
11821.991,3,10000000,127845
11957.413,3,10000000,129195
12092.556,3,10000000,130545
12227.762,3,10000000,131895
12481.994,3,10000000,133245
12611.868,3,10000000,134595
12747.946,3,10000000,135945
12883.327,3,10000000,137295
13019.477,3,10000000,138645
13155.685,3,10000000,139995
13285.234,3,10000000,141345
13414.6455,3,10000000,142695
13543.74,3,10000000,144045
13673.142,3,10000000,145395
13803.158,3,10000000,146745
13932.449,3,10000000,148095
14061.554,3,10000000,149445
14190.929,3,10000000,150795
14433.888,3,10000000,152145
14493.776,3,10000000,153495
14549.48,3,10000000,154845
14606.145,3,10000000,156195
14659.355,3,10000000,157545
14710.435,3,10000000,158895
14762.638,3,10000000,160245
14817.464,3,10000000,161595
14872.773,3,10000000,162945
14928.484,3,10000000,164295
14983.976,3,10000000,165645
15043.208,3,10000000,166995
3637.764,4,10000000,14850
3658.8816,4,10000000,10395
3719.1196,4,10000000,11745
3809.6675,4,10000000,13095
3902.1558,4,10000000,14445
3980.796,4,10000000,15795
4017.9373,4,10000000,17145
4083.3506,4,10000000,18495
4116.803,4,10000000,19845
4152.572,4,10000000,21195
4190.3145,4,10000000,22545
4230.081,4,10000000,23895
4271.636,4,10000000,25245
4314.7383,4,10000000,26595
4359.645,4,10000000,27945
4405.6436,4,10000000,29295
4452.821,4,10000000,30645
4500.811,4,10000000,31995
4550.2427,4,10000000,33345
4659.4404,4,10000000,34695
4715.2534,4,10000000,36045
4775.487,4,10000000,37395
4886.1733,4,10000000,38745
4940.5,4,10000000,40095
4999.9697,4,10000000,41445
5060.8047,4,10000000,42795
5122.894,4,10000000,44145
5241.8716,4,10000000,45495
5301.9727,4,10000000,46845
5368.7646,4,10000000,48195
5495.6025,4,10000000,49545
5559.17,4,10000000,50895
5630.676,4,10000000,52245
5764.766,4,10000000,53595
5832.0156,4,10000000,54945
5907.673,4,10000000,56295
6051.1416,4,10000000,57645
6122.084,4,10000000,58995
6201.6577,4,10000000,60345
6352.121,4,10000000,61695
6426.0894,4,10000000,63045
6508.91,4,10000000,64395
6666.813,4,10000000,65745
6743.9756,4,10000000,67095
6835.5093,4,10000000,68445
6964.681,4,10000000,69795
7059.413,4,10000000,71145
7157.366,4,10000000,72495
7257.335,4,10000000,73845
7357.161,4,10000000,75195
7458.857,4,10000000,76545
7653.001,4,10000000,77895
7749.7354,4,10000000,79245
7856.7197,4,10000000,80595
8058.799,4,10000000,81945
8159.734,4,10000000,83295
8269.884,4,10000000,84645
8480.161,4,10000000,85995
8583.041,4,10000000,87345
8696.436,4,10000000,88695
8912.903,4,10000000,90045
9018.764,4,10000000,91395
9135.666,4,10000000,92745
9357.889,4,10000000,94095
9466.38,4,10000000,95445
9585.894,4,10000000,96795
9812.046,4,10000000,98145
9922.768,4,10000000,99495
10042.836,4,10000000,100845
10268.928,4,10000000,102195
10382.944,4,10000000,103545
10506.225,4,10000000,104895
10740.525,4,10000000,106245
10856.694,4,10000000,107595
10982.183,4,10000000,108945
11220.894,4,10000000,110295
11338.042,4,10000000,111645
11463.249,4,10000000,112995
11594.161,4,10000000,114345
11837.14,4,10000000,115695
11957.649,4,10000000,117045
12089.21,4,10000000,118395
12334.642,4,10000000,119745
12455.833,4,10000000,121095
12588.153,4,10000000,122445
12838.589,4,10000000,85711
12898.137,4,10000000,87061
13059.928,4,10000000,88411
13300.563,4,10000000,91111
14070.9795,4,10000000,92461
14454.616,4,10000000,93811
14850.826,4,10000000,95161
15115.312,4,10000000,96511
15501.543,4,10000000,97861
15900.637,4,10000000,99211
16167.498,4,10000000,100561
16556.314,4,10000000,101911
16957.809,4,10000000,103261
17222.885,4,10000000,104611
17484.01,4,10000000,105961
17739.332,4,10000000,107311
17821.47,4,10000000,108661
17902.625,4,10000000,110011
17985.684,4,10000000,111361
18068.088,4,10000000,112711
18150.217,4,10000000,114061
18237.123,4,10000000,115411
18322.725,4,10000000,116761
18371.387,4,10000000,118111
18460.287,4,10000000,119461
3611.6143,5,10000000,14850
3642.3184,5,10000000,10395
3740.859,5,10000000,11745
3831.6118,5,10000000,13095
3925.647,5,10000000,14445
4004.4585,5,10000000,15795
4066.226,5,10000000,17145
4099.2373,5,10000000,18495
4134.758,5,10000000,19845
4171.7646,5,10000000,21195
4210.441,5,10000000,22545
4250.9697,5,10000000,23895
4292.966,5,10000000,25245
4336.7363,5,10000000,26595
4382.225,5,10000000,27945
4428.3003,5,10000000,29295
4475.545,5,10000000,30645
4528.054,5,10000000,31995
4596.305,5,10000000,33345
4646.93,5,10000000,34695
4699.518,5,10000000,36045
4754.66,5,10000000,37395
4809.4204,5,10000000,38745
4866.4985,5,10000000,40095
4924.22,5,10000000,41445
4983.692,5,10000000,42795
5044.373,5,10000000,44145
5106.359,5,10000000,45495
5169.1064,5,10000000,46845
5233.728,5,10000000,48195
5299.3735,5,10000000,49545
5366.365,5,10000000,50895
5435.4326,5,10000000,52245
5505.6694,5,10000000,53595
5576.77,5,10000000,54945
5649.0986,5,10000000,56295
5723.0913,5,10000000,57645
5797.716,5,10000000,58995
5873.5933,5,10000000,60345
5951.3022,5,10000000,61695
6031.0654,5,10000000,63045
6110.6455,5,10000000,64395
6192.0234,5,10000000,65745
6275.7236,5,10000000,67095
6359.597,5,10000000,68445
6448.447,5,10000000,69795
6569.7725,5,10000000,71145
6786.7754,5,10000000,72495
6877.8774,5,10000000,73845
6976.017,5,10000000,75195
7076.279,5,10000000,76545
7268.681,5,10000000,77895
7366.4043,5,10000000,79245
7469.5195,5,10000000,80595
7573.4443,5,10000000,81945
7678.553,5,10000000,83295
7784.754,5,10000000,84645
7893.1733,5,10000000,85995
8001.994,5,10000000,87345
8213.002,5,10000000,88695
8322.517,5,10000000,90045
8439.474,5,10000000,91395
8560.693,5,10000000,92745
8779.202,5,10000000,94095
8890.844,5,10000000,95445
9010.094,5,10000000,96795
9235.437,5,10000000,98145
9348.496,5,10000000,99495
9469.322,5,10000000,100845
9698.953,5,10000000,102195
9813.607,5,10000000,103545
9936.717,5,10000000,104895
10170.539,5,10000000,106245
10288.06,5,10000000,107595
10415.274,5,10000000,108945
10656.414,5,10000000,110295
10774.963,5,10000000,111645
10906.022,5,10000000,112995
11153.342,5,10000000,114345
11274.06,5,10000000,115695
11405.045,5,10000000,117045
11654.789,5,10000000,118395
11776.154,5,10000000,119745
11910.426,5,10000000,121095
12164.821,5,10000000,122445
12288.68,5,10000000,123795
12425.001,5,10000000,125145
12682.16,5,10000000,126495
12806.219,5,10000000,127845
12943.656,5,10000000,129195
13202.2705,5,10000000,130545
13327.827,5,10000000,131895
13464.962,5,10000000,133245
13722.68,5,10000000,134595
13848.613,5,10000000,135945
13986.973,5,10000000,137295
14356.772,5,10000000,138645
14601.556,5,10000000,139995
14967.568,5,10000000,141345
15087.951,5,10000000,142695
15219.232,5,10000000,144045
15464.145,5,10000000,145395
15584.426,5,10000000,146745
15833.412,5,10000000,148095
15952.84,5,10000000,149445
16086.934,5,10000000,150795
16336.056,5,10000000,152145
16394.367,5,10000000,153495
16452.408,5,10000000,154845
16508.87,5,10000000,156195
16564.982,5,10000000,157545
16620.787,5,10000000,158895
16678.354,5,10000000,160245
16737.748,5,10000000,161595
16798.559,5,10000000,162945
16856.863,5,10000000,164295
16919.062,5,10000000,165645
16975.865,5,10000000,166995
3608.0432,6,10000000,14850
3642.5295,6,10000000,10395
3750.5737,6,10000000,11745
3847.7825,6,10000000,13095
3946.3542,6,10000000,14445
4039.4258,6,10000000,15795
4099.065,6,10000000,17145
4189.4404,6,10000000,18495
4224.4277,6,10000000,19845
4262.906,6,10000000,21195
4302.8335,6,10000000,22545
4344.674,6,10000000,23895
4388.4663,6,10000000,25245
4433.476,6,10000000,26595
4480.251,6,10000000,27945
4527.886,6,10000000,29295
4576.84,6,10000000,30645
4629.1714,6,10000000,31995
4740.916,6,10000000,33345
4789.8286,6,10000000,34695
4844.2964,6,10000000,36045
4901.563,6,10000000,37395
5008.1084,6,10000000,38745
5069.806,6,10000000,40095
5136.0938,6,10000000,41445
5259.766,6,10000000,42795
5321.302,6,10000000,44145
5389.476,6,10000000,45495
5518.2754,6,10000000,46845
5582.8013,6,10000000,48195
5654.993,6,10000000,49545
5793.915,6,10000000,50895
5861.9746,6,10000000,52245
5936.513,6,10000000,53595
6011.9233,6,10000000,54945
6089.123,6,10000000,56295
6237.2217,6,10000000,57645
6311.433,6,10000000,58995
6392.1406,6,10000000,60345
6474.8145,6,10000000,61695
6631.346,6,10000000,63045
6762.069,6,10000000,64395
6849.3423,6,10000000,65745
6937.117,6,10000000,67095
7026.2563,6,10000000,68445
7120.3667,6,10000000,69795
7219.497,6,10000000,71145
7321.145,6,10000000,72495
7514.671,6,10000000,73845
7618.045,6,10000000,75195
7728.56,6,10000000,76545
7844.1353,6,10000000,77895
8054.6367,6,10000000,79245
8159.564,6,10000000,80595
8273.176,6,10000000,81945
8487.826,6,10000000,83295
8594.498,6,10000000,84645
8711.594,6,10000000,85995
8932.649,6,10000000,87345
9042.59,6,10000000,88695
9164.238,6,10000000,90045
9392.627,6,10000000,91395
9504.945,6,10000000,92745
9626.722,6,10000000,94095
9861.712,6,10000000,95445
9976.496,6,10000000,96795
10101.625,6,10000000,98145
10339.51,6,10000000,99495
10456.663,6,10000000,100845
10583.845,6,10000000,102195
10828.021,6,10000000,103545
10948.083,6,10000000,104895
11076.801,6,10000000,106245
11324.221,6,10000000,107595
11445.732,6,10000000,108945
11578.719,6,10000000,110295
11830.277,6,10000000,111645
11954.128,6,10000000,112995
12088.883,6,10000000,114345
12341.927,6,10000000,115695
12467.286,6,10000000,117045
12604.833,6,10000000,118395
12863.209,6,10000000,119745
12990.739,6,10000000,121095
13129.118,6,10000000,122445
13391.372,6,10000000,123795
13519.349,6,10000000,125145
13660.322,6,10000000,126495
13925.44,6,10000000,127845
14054.678,6,10000000,129195
14197.219,6,10000000,130545
14464.402,6,10000000,131895
14593.714,6,10000000,133245
14736.879,6,10000000,134595
15006.245,6,10000000,135945
15136.382,6,10000000,137295
15401.64,6,10000000,138645
15524.666,6,10000000,139995
15659.857,6,10000000,141345
15914.875,6,10000000,142695
16037.525,6,10000000,144045
16176.214,6,10000000,145395
16431.637,6,10000000,146745
16554.371,6,10000000,148095
16691.172,6,10000000,149445
16945.58,6,10000000,150795
17068.645,6,10000000,152145
17194.97,6,10000000,153495
17254.658,6,10000000,154845
17311.408,6,10000000,156195
17369.227,6,10000000,157545
17426.66,6,10000000,158895
17483.725,6,10000000,160245
17544.828,6,10000000,161595
17605.504,6,10000000,162945
17666.932,6,10000000,164295
17726.445,6,10000000,165645
17784.746,6,10000000,166995
3620.7607,7,10000000,14850
3643.8313,7,10000000,10395
3746.101,7,10000000,11745
3839.3774,7,10000000,13095
3933.5242,7,10000000,14445
4049.0107,7,10000000,15795
4082.533,7,10000000,17145
4115.9834,7,10000000,18495
4151.396,7,10000000,19845
4188.344,7,10000000,21195
4227.0674,7,10000000,22545
4267.756,7,10000000,23895
4309.822,7,10000000,25245
4353.529,7,10000000,26595
4399.2285,7,10000000,27945
4445.3345,7,10000000,29295
4492.847,7,10000000,30645
4544.9487,7,10000000,31995
4616.2993,7,10000000,33345
4668.5957,7,10000000,34695
4721.814,7,10000000,36045
4778.1973,7,10000000,37395
4834.5703,7,10000000,38745
4891.915,7,10000000,40095
4950.867,7,10000000,41445
5010.917,7,10000000,42795
5073.1123,7,10000000,44145
5135.6387,7,10000000,45495
5199.845,7,10000000,46845
5265.757,7,10000000,48195
5332.5205,7,10000000,49545
5400.604,7,10000000,50895
5470.254,7,10000000,52245
5541.0845,7,10000000,53595
5613.1553,7,10000000,54945
5686.813,7,10000000,56295
5762.2446,7,10000000,57645
5837.8535,7,10000000,58995
5914.958,7,10000000,60345
5993.9907,7,10000000,61695
6073.7207,7,10000000,63045
6154.7285,7,10000000,64395
6237.2026,7,10000000,65745
6320.2324,7,10000000,67095
6404.6895,7,10000000,68445
6499.5283,7,10000000,69795
6617.507,7,10000000,71145
6826.9473,7,10000000,72495
6919.041,7,10000000,73845
7018.0527,7,10000000,75195
7118.582,7,10000000,76545
7220.2944,7,10000000,77895
7323.034,7,10000000,79245
7426.8975,7,10000000,80595
7531.6553,7,10000000,81945
7637.6836,7,10000000,83295
7745.1606,7,10000000,84645
7853.4395,7,10000000,85995
7962.946,7,10000000,87345
8073.0093,7,10000000,88695
8184.246,7,10000000,90045
8296.791,7,10000000,91395
8409.948,7,10000000,92745
8523.994,7,10000000,94095
8639.63,7,10000000,95445
8755.401,7,10000000,96795
8872.518,7,10000000,98145
8990.559,7,10000000,99495
9109.791,7,10000000,100845
9229.245,7,10000000,102195
9350.224,7,10000000,103545
9471.415,7,10000000,72481
12075.94,7,10000000,103545
15635.984,7,10000000,104895
15904.162,7,10000000,106245
16038.366,7,10000000,107595
16179.821,7,10000000,108945
16323.544,7,10000000,110295
16457.143,7,10000000,111645
16497.936,7,10000000,112995
16543.22,7,10000000,114345
16588.475,7,10000000,115695
16633.768,7,10000000,117045
16677.479,7,10000000,118395
16723.512,7,10000000,119745
16769.111,7,10000000,121095
16814.889,7,10000000,122445
16862.41,7,10000000,123795
16910.676,7,10000000,125145
16962.543,7,10000000,126495
17011.773,7,10000000,127845
17067.23,7,10000000,129195
17118.307,7,10000000,130545
17168.201,7,10000000,131895
17218.158,7,10000000,133245
17267.076,7,10000000,134595
3626.9055,8,10000000,14850
3652.6985,8,10000000,10395
3756.1392,8,10000000,11745
3854.8535,8,10000000,13095
3987.968,8,10000000,14445
4053.3599,8,10000000,15795
4089.5457,8,10000000,17145
4127.907,8,10000000,18495
4167.4487,8,10000000,19845
4208.509,8,10000000,21195
4251.3096,8,10000000,22545
4296.02,8,10000000,23895
4342.349,8,10000000,25245
4390.3994,8,10000000,26595
4440.5415,8,10000000,27945
4493.9287,8,10000000,29295
4601.6855,8,10000000,30645
4658.5454,8,10000000,31995
4719.214,8,10000000,33345
4829.0464,8,10000000,34695
4883.916,8,10000000,36045
4944.6675,8,10000000,37395
5005.1636,8,10000000,38745
5067.226,8,10000000,40095
5130.547,8,10000000,41445
5195.1567,8,10000000,42795
5261.513,8,10000000,44145
5329.488,8,10000000,45495
5397.7876,8,10000000,46845
5467.5894,8,10000000,48195
5539.723,8,10000000,49545
5676.213,8,10000000,50895
5750.5947,8,10000000,52245
5831.608,8,10000000,53595
5985.523,8,10000000,54945
6062.5317,8,10000000,56295
6144.1655,8,10000000,57645
6226.6855,8,10000000,58995
6317.2954,8,10000000,60345
6441.29,8,10000000,61695
6528.4565,8,10000000,63045
6615.9287,8,10000000,64395
6705.5586,8,10000000,65745
6796.7104,8,10000000,67095
6967.569,8,10000000,68445
7061.907,8,10000000,69795
7169.371,8,10000000,71145
7283.096,8,10000000,72495
7485.348,8,10000000,73845
7587.392,8,10000000,75195
7698.3447,8,10000000,76545
7907.268,8,10000000,77895
8012.028,8,10000000,79245
8126.2407,8,10000000,80595
8342.433,8,10000000,81945
8450.5205,8,10000000,83295
8568.487,8,10000000,84645
8792.681,8,10000000,85995
8903.702,8,10000000,87345
9024.717,8,10000000,88695
9252.14,8,10000000,90045
9365.974,8,10000000,91395
9490.015,8,10000000,92745
9725.29,8,10000000,94095
9841.643,8,10000000,95445
9968.396,8,10000000,96795
10207.678,8,10000000,98145
10325.987,8,10000000,99495
10453.933,8,10000000,100845
10581.49,8,10000000,102195
10711.417,8,10000000,103545
10958.349,8,10000000,104895
11080.08,8,10000000,106245
11211.457,8,10000000,107595
11462.373,8,10000000,108945
11585.822,8,10000000,110295
11721.28,8,10000000,111645
11978.128,8,10000000,112995
12103.514,8,10000000,114345
12241.544,8,10000000,115695
12502.226,8,10000000,117045
12629.441,8,10000000,118395
12769.188,8,10000000,119745
13032.05,8,10000000,121095
13161.539,8,10000000,122445
13301.162,8,10000000,123795
13566.53,8,10000000,125145
13696.43,8,10000000,126495
13841.953,8,10000000,127845
14110.516,8,10000000,129195
14242.389,8,10000000,130545
14386.701,8,10000000,131895
14655.72,8,10000000,133245
14788.06,8,10000000,134595
14931.937,8,10000000,135945
15202.384,8,10000000,137295
15330.828,8,10000000,138645
15588.86,8,10000000,139995
15712.999,8,10000000,141345
15850.153,8,10000000,142695
16104.759,8,10000000,144045
16229.364,8,10000000,145395
16367.447,8,10000000,146745
16626.242,8,10000000,148095
16750.701,8,10000000,149445
16891.64,8,10000000,150795
17151.426,8,10000000,152145
17207.424,8,10000000,153495
17263.205,8,10000000,154845
17318.5,8,10000000,156195
17370.959,8,10000000,157545
17425.64,8,10000000,158895
17479.875,8,10000000,160245
17539.588,8,10000000,161595
17644.746,8,10000000,113116
17743.139,8,10000000,161595
3625.6392,9,10000000,14850
3648.7314,9,10000000,10395
3704.0093,9,10000000,11745
3801.9185,9,10000000,13095
3911.1445,9,10000000,14445
4015.8867,9,10000000,15795
4045.0764,9,10000000,17145
4107.391,9,10000000,18495
4139.357,9,10000000,19845
4174.9785,9,10000000,21195
4212.656,9,10000000,22545
4252.0215,9,10000000,23895
4293.2524,9,10000000,25245
4335.7935,9,10000000,26595
4380.1494,9,10000000,27945
4425.4316,9,10000000,29295
4471.4067,9,10000000,30645
4518.6333,9,10000000,31995
4594.964,9,10000000,33345
4646.3843,9,10000000,34695
4698.711,9,10000000,36045
4753.1753,9,10000000,37395
4807.4224,9,10000000,38745
4863.441,9,10000000,40095
4920.9316,9,10000000,41445
4979.517,9,10000000,42795
5039.909,9,10000000,44145
5101.517,9,10000000,45495
5163.9966,9,10000000,46845
5228.4185,9,10000000,48195
5293.8374,9,10000000,49545
5361.128,9,10000000,50895
5428.887,9,10000000,52245
5498.29,9,10000000,53595
5569.03,9,10000000,54945
5640.35,9,10000000,56295
5713.6943,9,10000000,57645
5853.0557,9,10000000,58995
5929.1655,9,10000000,60345
6011.6343,9,10000000,61695
6167.205,9,10000000,63045
6245.6157,9,10000000,64395
6329.564,9,10000000,65745
6419.402,9,10000000,67095
6533.034,9,10000000,68445
6740.5664,9,10000000,69795
6834.327,9,10000000,71145
6936.802,9,10000000,72495
7046.201,9,10000000,73845
7238.476,9,10000000,75195
7336.4785,9,10000000,76545
7440.835,9,10000000,77895
7639.7637,9,10000000,79245
7739.1523,9,10000000,80595
7847.2847,9,10000000,81945
8054.8438,9,10000000,83295
8157.4956,9,10000000,84645
8269.625,9,10000000,85995
8481.6,9,10000000,87345
8587.342,9,10000000,88695
8703.1,9,10000000,90045
8922.754,9,10000000,91395
9031.18,9,10000000,92745
9150.248,9,10000000,94095
9375.367,9,10000000,95445
9485.968,9,10000000,96795
9606.925,9,10000000,98145
9837.829,9,10000000,99495
9950.839,9,10000000,100845
10075.168,9,10000000,102195
10309.868,9,10000000,103545
10425.444,9,10000000,104895
10550.764,9,10000000,106245
10790.53,9,10000000,107595
10908.965,9,10000000,108945
11038.673,9,10000000,110295
11283.721,9,10000000,111645
11404.368,9,10000000,112995
11535.494,9,10000000,114345
11783.4375,9,10000000,115695
11905.247,9,10000000,117045
12038.227,9,10000000,118395
12288.067,9,10000000,119745
12410.923,9,10000000,83821
12853.171,9,10000000,119745
17498.373,9,10000000,121095
17556.883,9,10000000,122445
17618.355,9,10000000,123795
17681.598,9,10000000,125145
17747.809,9,10000000,126495
17815.973,9,10000000,127845
17886.209,9,10000000,129195
17959.543,9,10000000,130545
18034.508,9,10000000,131895
18101.871,9,10000000,133245
18170.615,9,10000000,134595
18227.527,9,10000000,135945
18275.402,9,10000000,137295
