"index","ADDITIONAL_DATA_SIZE","y_LATENCY","run_index"
0,10000,8463.0,0
1,10000,8477.0,0
2,10000,8401.0,0
3,10000,8401.0,0
4,10000,8406.0,0
5,10000,2428.0,0
6,10000,2390.0,0
7,10000,2407.0,0
8,10000,2407.0,0
9,10000,2420.0,0
10,10000,2898.0,0
11,10000,2902.0,0
12,10000,2900.0,0
13,10000,2902.0,0
14,10000,2862.0,0
15,10000,11221.0,0
16,10000,11191.0,0
17,10000,11172.0,0
18,10000,11276.0,0
19,10000,11253.0,0
20,10000,10944.0,0
21,10000,10905.0,0
22,10000,11137.0,0
23,10000,10906.0,0
24,10000,10889.0,0
25,10000,11413.0,0
26,10000,11324.0,0
27,10000,11448.0,0
28,10000,11392.0,0
29,10000,11371.0,0
30,10000,14238.0,0
31,10000,14180.0,0
32,10000,14174.0,0
33,10000,14198.0,0
34,10000,14192.0,0
35,10000,2228.0,0
36,10000,2206.0,0
37,10000,2202.0,0
38,10000,2228.0,0
39,10000,2192.0,0
40,10000,10757.0,0
41,10000,10842.0,0
42,10000,10802.0,0
43,10000,10757.0,0
44,10000,10912.0,0
45,10000,11323.0,0
46,10000,11364.0,0
47,10000,11362.0,0
48,10000,11461.0,0
49,10000,11338.0,0
50,10000,11115.0,0
51,10000,11041.0,0
52,10000,11068.0,0
53,10000,11152.0,0
54,10000,11090.0,0
55,10000,12316.0,0
56,10000,12378.0,0
57,10000,12324.0,0
58,10000,12484.0,0
59,10000,12378.0,0
60,10000,11382.0,0
61,10000,11331.0,0
62,10000,11372.0,0
63,10000,11305.0,0
64,10000,11330.0,0
65,10000,11215.0,0
66,10000,11164.0,0
67,10000,11135.0,0
68,10000,11242.0,0
69,10000,11159.0,0
70,10000,17246.0,0
71,10000,17128.0,0
72,10000,17171.0,0
73,10000,17202.0,0
74,10000,17549.0,0
75,10000,1994.0,0
76,10000,2001.0,0
77,10000,1989.0,0
78,10000,1990.0,0
79,10000,1995.0,0
80,10000,11473.0,0
81,10000,11435.0,0
82,10000,11435.0,0
83,10000,11478.0,0
84,10000,11443.0,0
85,10000,11562.0,0
86,10000,11599.0,0
87,10000,11505.0,0
88,10000,11478.0,0
89,10000,11580.0,0
90,10000,15405.0,0
91,10000,15348.0,0
92,10000,15329.0,0
93,10000,15371.0,0
94,10000,15359.0,0
95,10000,2063.0,0
96,10000,2071.0,0
97,10000,2061.0,0
98,10000,2065.0,0
99,10000,2061.0,0
100,10000,9061.0,1
101,10000,9095.0,1
102,10000,9096.0,1
103,10000,9096.0,1
104,10000,9031.0,1
105,10000,3572.0,1
106,10000,3559.0,1
107,10000,3574.0,1
108,10000,3565.0,1
109,10000,3564.0,1
110,10000,4038.0,1
111,10000,4022.0,1
112,10000,4032.0,1
113,10000,4027.0,1
114,10000,3991.0,1
115,10000,10928.0,1
116,10000,10970.0,1
117,10000,10944.0,1
118,10000,10910.0,1
119,10000,10944.0,1
120,10000,11031.0,1
121,10000,11096.0,1
122,10000,11038.0,1
123,10000,11440.0,1
124,10000,11068.0,1
125,10000,10990.0,1
126,10000,11072.0,1
127,10000,10975.0,1
128,10000,11072.0,1
129,10000,10981.0,1
130,10000,12474.0,1
131,10000,12507.0,1
132,10000,12508.0,1
133,10000,12449.0,1
134,10000,12451.0,1
135,10000,3535.0,1
136,10000,3592.0,1
137,10000,3601.0,1
138,10000,3596.0,1
139,10000,3592.0,1
140,10000,10240.0,1
141,10000,10186.0,1
142,10000,10200.0,1
143,10000,10207.0,1
144,10000,10252.0,1
145,10000,10795.0,1
146,10000,10859.0,1
147,10000,10858.0,1
148,10000,10846.0,1
149,10000,10828.0,1
150,10000,11117.0,1
151,10000,11140.0,1
152,10000,11117.0,1
153,10000,11221.0,1
154,10000,11167.0,1
155,10000,11631.0,1
156,10000,11574.0,1
157,10000,11628.0,1
158,10000,11630.0,1
159,10000,11582.0,1
160,10000,12323.0,1
161,10000,12371.0,1
162,10000,12323.0,1
163,10000,12297.0,1
164,10000,12320.0,1
165,10000,11205.0,1
166,10000,11188.0,1
167,10000,11155.0,1
168,10000,11209.0,1
169,10000,11155.0,1
170,10000,14440.0,1
171,10000,14319.0,1
172,10000,14385.0,1
173,10000,14288.0,1
174,10000,19982.0,1
175,10000,3247.0,1
176,10000,3242.0,1
177,10000,3244.0,1
178,10000,3229.0,1
179,10000,3252.0,1
180,10000,10998.0,1
181,10000,11038.0,1
182,10000,11084.0,1
183,10000,10980.0,1
184,10000,11051.0,1
185,10000,12427.0,1
186,10000,12432.0,1
187,10000,12542.0,1
188,10000,12469.0,1
189,10000,12478.0,1
190,10000,13168.0,1
191,10000,13175.0,1
192,10000,13237.0,1
193,10000,13175.0,1
194,10000,13244.0,1
195,10000,3652.0,1
196,10000,3685.0,1
197,10000,3618.0,1
198,10000,3685.0,1
199,10000,3658.0,1
200,10000,9601.0,2
201,10000,9735.0,2
202,10000,9618.0,2
203,10000,9737.0,2
204,10000,9666.0,2
205,10000,5084.0,2
206,10000,5057.0,2
207,10000,5088.0,2
208,10000,5073.0,2
209,10000,5050.0,2
210,10000,6558.0,2
211,10000,6555.0,2
212,10000,6561.0,2
213,10000,6556.0,2
214,10000,6548.0,2
215,10000,10820.0,2
216,10000,10784.0,2
217,10000,10784.0,2
218,10000,10778.0,2
219,10000,10779.0,2
220,10000,11554.0,2
221,10000,11648.0,2
222,10000,11654.0,2
223,10000,11553.0,2
224,10000,11623.0,2
225,10000,10868.0,2
226,10000,10763.0,2
227,10000,10818.0,2
228,10000,10901.0,2
229,10000,10835.0,2
230,10000,11520.0,2
231,10000,11475.0,2
232,10000,11475.0,2
233,10000,11506.0,2
234,10000,11528.0,2
235,10000,5075.0,2
236,10000,5153.0,2
237,10000,5117.0,2
238,10000,5114.0,2
239,10000,5114.0,2
240,10000,10406.0,2
241,10000,10358.0,2
242,10000,10337.0,2
243,10000,10304.0,2
244,10000,10495.0,2
245,10000,10817.0,2
246,10000,10760.0,2
247,10000,10788.0,2
248,10000,10781.0,2
249,10000,10845.0,2
250,10000,11628.0,2
251,10000,11716.0,2
252,10000,11631.0,2
253,10000,11774.0,2
254,10000,11749.0,2
255,10000,11049.0,2
256,10000,11024.0,2
257,10000,11091.0,2
258,10000,11023.0,2
259,10000,11220.0,2
260,10000,12933.0,2
261,10000,12962.0,2
262,10000,12959.0,2
263,10000,12992.0,2
264,10000,13019.0,2
265,10000,11808.0,2
266,10000,11783.0,2
267,10000,11864.0,2
268,10000,11971.0,2
269,10000,11808.0,2
270,10000,12494.0,2
271,10000,12450.0,2
272,10000,12468.0,2
273,10000,12669.0,2
274,10000,12549.0,2
275,10000,5132.0,2
276,10000,5096.0,2
277,10000,5104.0,2
278,10000,5051.0,2
279,10000,5096.0,2
280,10000,10733.0,2
281,10000,10865.0,2
282,10000,10728.0,2
283,10000,10836.0,2
284,10000,10759.0,2
285,10000,12950.0,2
286,10000,13005.0,2
287,10000,13036.0,2
288,10000,12959.0,2
289,10000,12991.0,2
290,10000,11860.0,2
291,10000,11915.0,2
292,10000,11860.0,2
293,10000,11933.0,2
294,10000,11895.0,2
295,10000,8625.0,2
296,10000,8619.0,2
297,10000,8564.0,2
298,10000,8582.0,2
299,10000,8626.0,2
300,10000,9770.0,3
301,10000,9790.0,3
302,10000,9730.0,3
303,10000,9729.0,3
304,10000,9729.0,3
305,10000,5983.0,3
306,10000,5949.0,3
307,10000,5982.0,3
308,10000,5985.0,3
309,10000,5981.0,3
310,10000,7780.0,3
311,10000,7779.0,3
312,10000,7778.0,3
313,10000,7782.0,3
314,10000,7756.0,3
315,10000,10616.0,3
316,10000,10620.0,3
317,10000,10620.0,3
318,10000,10598.0,3
319,10000,10616.0,3
320,10000,11670.0,3
321,10000,11570.0,3
322,10000,11659.0,3
323,10000,11573.0,3
324,10000,11570.0,3
325,10000,10684.0,3
326,10000,10664.0,3
327,10000,10620.0,3
328,10000,10619.0,3
329,10000,10568.0,3
330,10000,10943.0,3
331,10000,10846.0,3
332,10000,10827.0,3
333,10000,10900.0,3
334,10000,11162.0,3
335,10000,5794.0,3
336,10000,5849.0,3
337,10000,5836.0,3
338,10000,5845.0,3
339,10000,5794.0,3
340,10000,10659.0,3
341,10000,10607.0,3
342,10000,10567.0,3
343,10000,10659.0,3
344,10000,10569.0,3
345,10000,10586.0,3
346,10000,10609.0,3
347,10000,10710.0,3
348,10000,10557.0,3
349,10000,10660.0,3
350,10000,11550.0,3
351,10000,11505.0,3
352,10000,11565.0,3
353,10000,11509.0,3
354,10000,11576.0,3
355,10000,10770.0,3
356,10000,10769.0,3
357,10000,10770.0,3
358,10000,10839.0,3
359,10000,10810.0,3
360,10000,12350.0,3
361,10000,12302.0,3
362,10000,12369.0,3
363,10000,12287.0,3
364,10000,12294.0,3
365,10000,11618.0,3
366,10000,11664.0,3
367,10000,11644.0,3
368,10000,11642.0,3
369,10000,11674.0,3
370,10000,11495.0,3
371,10000,11755.0,3
372,10000,11495.0,3
373,10000,11532.0,3
374,10000,11528.0,3
375,10000,5920.0,3
376,10000,5925.0,3
377,10000,5920.0,3
378,10000,5880.0,3
379,10000,5920.0,3
380,10000,10692.0,3
381,10000,10646.0,3
382,10000,10619.0,3
383,10000,10600.0,3
384,10000,10704.0,3
385,10000,12428.0,3
386,10000,12367.0,3
387,10000,12404.0,3
388,10000,12404.0,3
389,10000,12322.0,3
390,10000,11095.0,3
391,10000,11099.0,3
392,10000,11317.0,3
393,10000,11068.0,3
394,10000,11068.0,3
395,10000,11003.0,3
396,10000,11017.0,3
397,10000,11011.0,3
398,10000,11019.0,3
399,10000,11018.0,3
400,10000,10133.0,4
401,10000,10124.0,4
402,10000,10235.0,4
403,10000,10203.0,4
404,10000,10199.0,4
405,10000,5662.0,4
406,10000,5659.0,4
407,10000,5657.0,4
408,10000,5651.0,4
409,10000,5654.0,4
410,10000,7652.0,4
411,10000,7650.0,4
412,10000,7659.0,4
413,10000,7656.0,4
414,10000,7626.0,4
415,10000,10021.0,4
416,10000,9986.0,4
417,10000,10003.0,4
418,10000,10009.0,4
419,10000,9984.0,4
420,10000,11004.0,4
421,10000,10976.0,4
422,10000,11040.0,4
423,10000,10892.0,4
424,10000,10893.0,4
425,10000,9995.0,4
426,10000,10034.0,4
427,10000,10051.0,4
428,10000,10137.0,4
429,10000,10060.0,4
430,10000,9669.0,4
431,10000,9585.0,4
432,10000,9582.0,4
433,10000,9653.0,4
434,10000,9916.0,4
435,10000,5672.0,4
436,10000,5753.0,4
437,10000,5791.0,4
438,10000,5754.0,4
439,10000,5655.0,4
440,10000,9892.0,4
441,10000,9956.0,4
442,10000,9856.0,4
443,10000,9910.0,4
444,10000,9912.0,4
445,10000,9925.0,4
446,10000,10140.0,4
447,10000,9956.0,4
448,10000,9953.0,4
449,10000,9994.0,4
450,10000,11027.0,4
451,10000,11027.0,4
452,10000,10918.0,4
453,10000,10957.0,4
454,10000,10918.0,4
455,10000,9939.0,4
456,10000,10187.0,4
457,10000,9939.0,4
458,10000,9989.0,4
459,10000,9989.0,4
460,10000,11491.0,4
461,10000,11374.0,4
462,10000,11465.0,4
463,10000,11372.0,4
464,10000,11376.0,4
465,10000,10991.0,4
466,10000,10910.0,4
467,10000,11194.0,4
468,10000,10939.0,4
469,10000,10939.0,4
470,10000,9018.0,4
471,10000,9065.0,4
472,10000,9039.0,4
473,10000,9060.0,4
474,10000,9018.0,4
475,10000,5743.0,4
476,10000,5733.0,4
477,10000,5716.0,4
478,10000,5661.0,4
479,10000,5747.0,4
480,10000,10079.0,4
481,10000,10056.0,4
482,10000,10060.0,4
483,10000,10098.0,4
484,10000,10063.0,4
485,10000,11426.0,4
486,10000,11400.0,4
487,10000,11328.0,4
488,10000,11441.0,4
489,10000,11333.0,4
490,10000,9513.0,4
491,10000,9555.0,4
492,10000,9563.0,4
493,10000,9514.0,4
494,10000,9599.0,4
495,10000,11400.0,4
496,10000,11411.0,4
497,10000,11400.0,4
498,10000,11399.0,4
499,10000,11413.0,4
500,10000,10406.0,5
501,10000,10413.0,5
502,10000,10451.0,5
503,10000,10454.0,5
504,10000,10482.0,5
505,10000,5536.0,5
506,10000,5507.0,5
507,10000,5535.0,5
508,10000,5531.0,5
509,10000,5533.0,5
510,10000,6511.0,5
511,10000,6519.0,5
512,10000,6550.0,5
513,10000,6550.0,5
514,10000,6508.0,5
515,10000,9661.0,5
516,10000,9650.0,5
517,10000,9673.0,5
518,10000,9642.0,5
519,10000,9630.0,5
520,10000,10606.0,5
521,10000,10628.0,5
522,10000,10881.0,5
523,10000,10632.0,5
524,10000,10668.0,5
525,10000,9791.0,5
526,10000,9713.0,5
527,10000,9717.0,5
528,10000,9771.0,5
529,10000,9904.0,5
530,10000,8981.0,5
531,10000,8966.0,5
532,10000,8909.0,5
533,10000,8959.0,5
534,10000,9220.0,5
535,10000,5481.0,5
536,10000,5487.0,5
537,10000,5478.0,5
538,10000,5484.0,5
539,10000,5481.0,5
540,10000,9722.0,5
541,10000,9487.0,5
542,10000,9462.0,5
543,10000,9442.0,5
544,10000,9476.0,5
545,10000,9617.0,5
546,10000,9636.0,5
547,10000,9638.0,5
548,10000,17896.0,5
549,10000,9593.0,5
550,10000,10505.0,5
551,10000,10561.0,5
552,10000,10537.0,5
553,10000,10556.0,5
554,10000,10476.0,5
555,10000,9722.0,5
556,10000,9639.0,5
557,10000,9678.0,5
558,10000,9643.0,5
559,10000,9645.0,5
560,10000,10508.0,5
561,10000,10589.0,5
562,10000,10494.0,5
563,10000,10635.0,5
564,10000,10534.0,5
565,10000,10523.0,5
566,10000,10483.0,5
567,10000,10574.0,5
568,10000,10763.0,5
569,10000,10522.0,5
570,10000,7704.0,5
571,10000,7663.0,5
572,10000,7728.0,5
573,10000,7652.0,5
574,10000,7787.0,5
575,10000,5603.0,5
576,10000,5603.0,5
577,10000,5601.0,5
578,10000,5573.0,5
579,10000,5602.0,5
580,10000,10044.0,5
581,10000,9710.0,5
582,10000,9756.0,5
583,10000,9783.0,5
584,10000,9736.0,5
585,10000,10415.0,5
586,10000,10438.0,5
587,10000,10571.0,5
588,10000,10416.0,5
589,10000,10474.0,5
590,10000,8676.0,5
591,10000,8759.0,5
592,10000,8629.0,5
593,10000,8894.0,5
594,10000,8650.0,5
595,10000,10595.0,5
596,10000,10681.0,5
597,10000,10638.0,5
598,10000,10663.0,5
599,10000,10641.0,5
600,10000,10815.0,6
601,10000,10738.0,6
602,10000,10881.0,6
603,10000,10645.0,6
604,10000,10738.0,6
605,10000,5707.0,6
606,10000,5680.0,6
607,10000,5706.0,6
608,10000,5707.0,6
609,10000,5706.0,6
610,10000,6280.0,6
611,10000,6284.0,6
612,10000,6278.0,6
613,10000,6283.0,6
614,10000,6271.0,6
615,10000,9765.0,6
616,10000,9798.0,6
617,10000,9809.0,6
618,10000,9765.0,6
619,10000,9765.0,6
620,10000,10702.0,6
621,10000,10656.0,6
622,10000,10913.0,6
623,10000,10644.0,6
624,10000,10618.0,6
625,10000,9809.0,6
626,10000,10090.0,6
627,10000,9782.0,6
628,10000,9771.0,6
629,10000,9771.0,6
630,10000,8887.0,6
631,10000,8839.0,6
632,10000,8810.0,6
633,10000,8850.0,6
634,10000,9020.0,6
635,10000,5801.0,6
636,10000,5662.0,6
637,10000,5726.0,6
638,10000,5802.0,6
639,10000,5732.0,6
640,10000,9672.0,6
641,10000,9700.0,6
642,10000,9654.0,6
643,10000,9652.0,6
644,10000,9878.0,6
645,10000,9726.0,6
646,10000,9675.0,6
647,10000,9682.0,6
648,10000,9711.0,6
649,10000,9759.0,6
650,10000,10716.0,6
651,10000,10646.0,6
652,10000,10691.0,6
653,10000,10665.0,6
654,10000,10719.0,6
655,10000,9559.0,6
656,10000,9527.0,6
657,10000,9577.0,6
658,10000,9490.0,6
659,10000,9516.0,6
660,10000,10242.0,6
661,10000,10309.0,6
662,10000,10231.0,6
663,10000,10279.0,6
664,10000,10311.0,6
665,10000,10589.0,6
666,10000,10593.0,6
667,10000,10697.0,6
668,10000,10698.0,6
669,10000,10623.0,6
670,10000,7425.0,6
671,10000,7521.0,6
672,10000,7430.0,6
673,10000,7440.0,6
674,10000,7466.0,6
675,10000,5719.0,6
676,10000,5777.0,6
677,10000,5783.0,6
678,10000,5748.0,6
679,10000,5778.0,6
680,10000,9867.0,6
681,10000,9720.0,6
682,10000,9787.0,6
683,10000,10024.0,6
684,10000,9741.0,6
685,10000,10283.0,6
686,10000,10277.0,6
687,10000,10217.0,6
688,10000,10277.0,6
689,10000,10242.0,6
690,10000,8453.0,6
691,10000,8486.0,6
692,10000,8543.0,6
693,10000,8486.0,6
694,10000,8747.0,6
695,10000,10460.0,6
696,10000,10448.0,6
697,10000,10417.0,6
698,10000,10450.0,6
699,10000,10375.0,6
700,10000,10572.0,7
701,10000,10593.0,7
702,10000,10821.0,7
703,10000,10669.0,7
704,10000,10628.0,7
705,10000,5635.0,7
706,10000,5618.0,7
707,10000,5631.0,7
708,10000,5634.0,7
709,10000,5632.0,7
710,10000,5878.0,7
711,10000,5884.0,7
712,10000,5879.0,7
713,10000,5877.0,7
714,10000,5863.0,7
715,10000,9903.0,7
716,10000,9972.0,7
717,10000,9952.0,7
718,10000,9903.0,7
719,10000,9974.0,7
720,10000,10871.0,7
721,10000,10850.0,7
722,10000,10841.0,7
723,10000,10847.0,7
724,10000,10871.0,7
725,10000,10025.0,7
726,10000,10014.0,7
727,10000,9997.0,7
728,10000,10043.0,7
729,10000,10042.0,7
730,10000,8932.0,7
731,10000,8993.0,7
732,10000,9010.0,7
733,10000,8927.0,7
734,10000,8931.0,7
735,10000,5721.0,7
736,10000,5754.0,7
737,10000,5760.0,7
738,10000,5755.0,7
739,10000,5755.0,7
740,10000,9949.0,7
741,10000,9855.0,7
742,10000,9856.0,7
743,10000,9952.0,7
744,10000,9886.0,7
745,10000,9969.0,7
746,10000,9999.0,7
747,10000,14591.0,7
748,10000,10028.0,7
749,10000,10065.0,7
750,10000,10705.0,7
751,10000,10758.0,7
752,10000,10692.0,7
753,10000,10770.0,7
754,10000,10706.0,7
755,10000,9604.0,7
756,10000,9823.0,7
757,10000,9593.0,7
758,10000,9808.0,7
759,10000,9625.0,7
760,10000,10319.0,7
761,10000,10260.0,7
762,10000,10322.0,7
763,10000,10218.0,7
764,10000,10265.0,7
765,10000,10809.0,7
766,10000,10767.0,7
767,10000,10838.0,7
768,10000,10825.0,7
769,10000,10780.0,7
770,10000,7521.0,7
771,10000,7489.0,7
772,10000,7548.0,7
773,10000,7489.0,7
774,10000,7580.0,7
775,10000,5753.0,7
776,10000,5753.0,7
777,10000,5755.0,7
778,10000,5708.0,7
779,10000,5754.0,7
780,10000,9911.0,7
781,10000,9960.0,7
782,10000,9928.0,7
783,10000,10022.0,7
784,10000,9985.0,7
785,10000,10278.0,7
786,10000,10240.0,7
787,10000,10356.0,7
788,10000,10205.0,7
789,10000,10334.0,7
790,10000,8833.0,7
791,10000,8737.0,7
792,10000,8667.0,7
793,10000,8699.0,7
794,10000,8764.0,7
795,10000,9257.0,7
796,10000,9266.0,7
797,10000,9229.0,7
798,10000,9265.0,7
799,10000,9252.0,7
800,10000,10686.0,8
801,10000,10741.0,8
802,10000,10774.0,8
803,10000,10676.0,8
804,10000,10669.0,8
805,10000,5285.0,8
806,10000,5264.0,8
807,10000,5284.0,8
808,10000,5280.0,8
809,10000,5281.0,8
810,10000,5073.0,8
811,10000,5073.0,8
812,10000,5070.0,8
813,10000,5074.0,8
814,10000,5054.0,8
815,10000,10148.0,8
816,10000,10246.0,8
817,10000,10226.0,8
818,10000,10272.0,8
819,10000,10148.0,8
820,10000,11068.0,8
821,10000,11145.0,8
822,10000,11095.0,8
823,10000,10919.0,8
824,10000,10950.0,8
825,10000,10195.0,8
826,10000,10217.0,8
827,10000,10194.0,8
828,10000,10267.0,8
829,10000,10240.0,8
830,10000,9115.0,8
831,10000,9241.0,8
832,10000,9075.0,8
833,10000,9034.0,8
834,10000,9077.0,8
835,10000,5191.0,8
836,10000,5192.0,8
837,10000,5191.0,8
838,10000,5204.0,8
839,10000,5195.0,8
840,10000,9968.0,8
841,10000,9960.0,8
842,10000,9980.0,8
843,10000,9930.0,8
844,10000,10178.0,8
845,10000,10075.0,8
846,10000,10117.0,8
847,10000,10121.0,8
848,10000,10043.0,8
849,10000,10085.0,8
850,10000,11011.0,8
851,10000,10870.0,8
852,10000,10929.0,8
853,10000,10870.0,8
854,10000,10998.0,8
855,10000,9723.0,8
856,10000,9725.0,8
857,10000,9728.0,8
858,10000,9787.0,8
859,10000,9793.0,8
860,10000,10482.0,8
861,10000,10552.0,8
862,10000,10482.0,8
863,10000,10511.0,8
864,10000,10510.0,8
865,10000,10936.0,8
866,10000,10908.0,8
867,10000,11003.0,8
868,10000,11098.0,8
869,10000,10937.0,8
870,10000,7635.0,8
871,10000,7885.0,8
872,10000,7642.0,8
873,10000,7589.0,8
874,10000,7707.0,8
875,10000,5186.0,8
876,10000,5181.0,8
877,10000,5189.0,8
878,10000,5161.0,8
879,10000,5183.0,8
880,10000,10150.0,8
881,10000,10122.0,8
882,10000,10210.0,8
883,10000,10185.0,8
884,10000,10209.0,8
885,10000,10319.0,8
886,10000,10320.0,8
887,10000,10344.0,8
888,10000,10319.0,8
889,10000,10484.0,8
890,10000,8853.0,8
891,10000,8853.0,8
892,10000,8806.0,8
893,10000,8782.0,8
894,10000,8821.0,8
895,10000,6688.0,8
896,10000,6695.0,8
897,10000,6663.0,8
898,10000,6687.0,8
899,10000,6694.0,8
900,10000,10722.0,9
901,10000,10762.0,9
902,10000,10771.0,9
903,10000,10767.0,9
904,10000,18871.0,9
905,10000,5183.0,9
906,10000,5168.0,9
907,10000,5168.0,9
908,10000,5164.0,9
909,10000,5182.0,9
910,10000,4648.0,9
911,10000,4652.0,9
912,10000,4653.0,9
913,10000,4654.0,9
914,10000,4647.0,9
915,10000,10271.0,9
916,10000,10335.0,9
917,10000,10492.0,9
918,10000,10271.0,9
919,10000,10296.0,9
920,10000,11119.0,9
921,10000,11238.0,9
922,10000,11146.0,9
923,10000,11187.0,9
924,10000,11147.0,9
925,10000,10542.0,9
926,10000,10514.0,9
927,10000,10643.0,9
928,10000,10643.0,9
929,10000,10505.0,9
930,10000,9384.0,9
931,10000,9169.0,9
932,10000,9160.0,9
933,10000,9173.0,9
934,10000,9226.0,9
935,10000,5059.0,9
936,10000,5078.0,9
937,10000,5081.0,9
938,10000,5079.0,9
939,10000,5077.0,9
940,10000,10263.0,9
941,10000,10260.0,9
942,10000,10226.0,9
943,10000,10247.0,9
944,10000,10440.0,9
945,10000,10370.0,9
946,10000,10324.0,9
947,10000,10325.0,9
948,10000,10375.0,9
949,10000,10369.0,9
950,10000,11140.0,9
951,10000,11094.0,9
952,10000,11143.0,9
953,10000,11193.0,9
954,10000,11093.0,9
955,10000,9822.0,9
956,10000,9728.0,9
957,10000,9777.0,9
958,10000,9804.0,9
959,10000,9822.0,9
960,10000,10632.0,9
961,10000,10750.0,9
962,10000,10729.0,9
963,10000,10623.0,9
964,10000,10652.0,9
965,10000,11143.0,9
966,10000,11183.0,9
967,10000,11143.0,9
968,10000,11167.0,9
969,10000,11210.0,9
970,10000,7835.0,9
971,10000,7873.0,9
972,10000,7869.0,9
973,10000,7778.0,9
974,10000,7814.0,9
975,10000,5160.0,9
976,10000,5110.0,9
977,10000,5179.0,9
978,10000,5138.0,9
979,10000,5147.0,9
980,10000,10412.0,9
981,10000,10448.0,9
982,10000,10418.0,9
983,10000,10430.0,9
984,10000,10448.0,9
985,10000,10593.0,9
986,10000,10613.0,9
987,10000,10692.0,9
988,10000,10559.0,9
989,10000,10724.0,9
990,10000,8867.0,9
991,10000,8879.0,9
992,10000,8908.0,9
993,10000,8867.0,9
994,10000,8935.0,9
995,10000,5527.0,9
996,10000,5529.0,9
997,10000,5529.0,9
998,10000,5530.0,9
999,10000,5535.0,9
1000,100000,245531.0,0
1001,100000,245388.0,0
1002,100000,245417.0,0
1003,100000,245408.0,0
1004,100000,245531.0,0
1005,100000,239673.0,0
1006,100000,239634.0,0
1007,100000,239679.0,0
1008,100000,239659.0,0
1009,100000,239666.0,0
1010,100000,239022.0,0
1011,100000,239051.0,0
1012,100000,239049.0,0
1013,100000,239060.0,0
1014,100000,239041.0,0
1015,100000,245065.0,0
1016,100000,245122.0,0
1017,100000,245060.0,0
1018,100000,245115.0,0
1019,100000,245087.0,0
1020,100000,245941.0,0
1021,100000,245940.0,0
1022,100000,245929.0,0
1023,100000,245926.0,0
1024,100000,245868.0,0
1025,100000,245229.0,0
1026,100000,245205.0,0
1027,100000,245206.0,0
1028,100000,245233.0,0
1029,100000,245228.0,0
1030,100000,243861.0,0
1031,100000,243833.0,0
1032,100000,243865.0,0
1033,100000,243793.0,0
1034,100000,243878.0,0
1035,100000,239666.0,0
1036,100000,239696.0,0
1037,100000,239688.0,0
1038,100000,239697.0,0
1039,100000,239689.0,0
1040,100000,244915.0,0
1041,100000,244940.0,0
1042,100000,244934.0,0
1043,100000,244932.0,0
1044,100000,244906.0,0
1045,100000,244983.0,0
1046,100000,245105.0,0
1047,100000,245124.0,0
1048,100000,245105.0,0
1049,100000,245124.0,0
1050,100000,245782.0,0
1051,100000,245803.0,0
1052,100000,245799.0,0
1053,100000,245806.0,0
1054,100000,245756.0,0
1055,100000,244591.0,0
1056,100000,244681.0,0
1057,100000,244566.0,0
1058,100000,244588.0,0
1059,100000,244681.0,0
1060,100000,245400.0,0
1061,100000,245395.0,0
1062,100000,245350.0,0
1063,100000,245394.0,0
1064,100000,245428.0,0
1065,100000,245905.0,0
1066,100000,245828.0,0
1067,100000,245831.0,0
1068,100000,245807.0,0
1069,100000,245855.0,0
1070,100000,242673.0,0
1071,100000,242485.0,0
1072,100000,242540.0,0
1073,100000,242673.0,0
1074,100000,242534.0,0
1075,100000,239660.0,0
1076,100000,239663.0,0
1077,100000,239673.0,0
1078,100000,239643.0,0
1079,100000,239662.0,0
1080,100000,245249.0,0
1081,100000,245276.0,0
1082,100000,245284.0,0
1083,100000,245283.0,0
1084,100000,245286.0,0
1085,100000,245373.0,0
1086,100000,245510.0,0
1087,100000,245378.0,0
1088,100000,245510.0,0
1089,100000,245383.0,0
1090,100000,243704.0,0
1091,100000,243553.0,0
1092,100000,243704.0,0
1093,100000,243599.0,0
1094,100000,243586.0,0
1095,100000,238919.0,0
1096,100000,238914.0,0
1097,100000,238886.0,0
1098,100000,238903.0,0
1099,100000,238901.0,0
1100,100000,245305.0,1
1101,100000,245483.0,1
1102,100000,245359.0,1
1103,100000,245334.0,1
1104,100000,245483.0,1
1105,100000,239220.0,1
1106,100000,239208.0,1
1107,100000,239224.0,1
1108,100000,239207.0,1
1109,100000,239222.0,1
1110,100000,238755.0,1
1111,100000,238787.0,1
1112,100000,238776.0,1
1113,100000,238782.0,1
1114,100000,238727.0,1
1115,100000,245104.0,1
1116,100000,245113.0,1
1117,100000,245159.0,1
1118,100000,245106.0,1
1119,100000,245074.0,1
1120,100000,245777.0,1
1121,100000,245718.0,1
1122,100000,245851.0,1
1123,100000,245709.0,1
1124,100000,245851.0,1
1125,100000,245263.0,1
1126,100000,245222.0,1
1127,100000,245258.0,1
1128,100000,245282.0,1
1129,100000,245255.0,1
1130,100000,243777.0,1
1131,100000,243742.0,1
1132,100000,243772.0,1
1133,100000,243742.0,1
1134,100000,243790.0,1
1135,100000,239272.0,1
1136,100000,239293.0,1
1137,100000,239238.0,1
1138,100000,239296.0,1
1139,100000,239286.0,1
1140,100000,245046.0,1
1141,100000,245055.0,1
1142,100000,245041.0,1
1143,100000,245050.0,1
1144,100000,245050.0,1
1145,100000,245228.0,1
1146,100000,245227.0,1
1147,100000,245223.0,1
1148,100000,245221.0,1
1149,100000,245218.0,1
1150,100000,245883.0,1
1151,100000,245859.0,1
1152,100000,245906.0,1
1153,100000,245847.0,1
1154,100000,245847.0,1
1155,100000,244258.0,1
1156,100000,244325.0,1
1157,100000,244359.0,1
1158,100000,244315.0,1
1159,100000,244359.0,1
1160,100000,245341.0,1
1161,100000,245353.0,1
1162,100000,245339.0,1
1163,100000,245326.0,1
1164,100000,245273.0,1
1165,100000,245821.0,1
1166,100000,245792.0,1
1167,100000,245818.0,1
1168,100000,245796.0,1
1169,100000,245756.0,1
1170,100000,242491.0,1
1171,100000,242368.0,1
1172,100000,242490.0,1
1173,100000,242368.0,1
1174,100000,242403.0,1
1175,100000,239264.0,1
1176,100000,239272.0,1
1177,100000,239261.0,1
1178,100000,239231.0,1
1179,100000,239256.0,1
1180,100000,245115.0,1
1181,100000,245159.0,1
1182,100000,245158.0,1
1183,100000,245155.0,1
1184,100000,245162.0,1
1185,100000,245468.0,1
1186,100000,245385.0,1
1187,100000,245430.0,1
1188,100000,245401.0,1
1189,100000,245430.0,1
1190,100000,243464.0,1
1191,100000,243438.0,1
1192,100000,243439.0,1
1193,100000,243392.0,1
1194,100000,243413.0,1
1195,100000,237478.0,1
1196,100000,237470.0,1
1197,100000,237464.0,1
1198,100000,237465.0,1
1199,100000,237447.0,1
1200,100000,245545.0,2
1201,100000,245453.0,2
1202,100000,245374.0,2
1203,100000,245545.0,2
1204,100000,245429.0,2
1205,100000,239529.0,2
1206,100000,239509.0,2
1207,100000,239530.0,2
1208,100000,239526.0,2
1209,100000,239530.0,2
1210,100000,239073.0,2
1211,100000,239101.0,2
1212,100000,239068.0,2
1213,100000,239054.0,2
1214,100000,239032.0,2
1215,100000,245466.0,2
1216,100000,245465.0,2
1217,100000,245437.0,2
1218,100000,245471.0,2
1219,100000,245471.0,2
1220,100000,246173.0,2
1221,100000,246144.0,2
1222,100000,246119.0,2
1223,100000,246102.0,2
1224,100000,246122.0,2
1225,100000,245589.0,2
1226,100000,245583.0,2
1227,100000,245616.0,2
1228,100000,245589.0,2
1229,100000,245595.0,2
1230,100000,244345.0,2
1231,100000,244345.0,2
1232,100000,244446.0,2
1233,100000,244446.0,2
1234,100000,244345.0,2
1235,100000,239381.0,2
1236,100000,239405.0,2
1237,100000,239393.0,2
1238,100000,239415.0,2
1239,100000,239408.0,2
1240,100000,245471.0,2
1241,100000,245449.0,2
1242,100000,245456.0,2
1243,100000,245629.0,2
1244,100000,245579.0,2
1245,100000,245358.0,2
1246,100000,245378.0,2
1247,100000,245382.0,2
1248,100000,245374.0,2
1249,100000,245404.0,2
1250,100000,246216.0,2
1251,100000,246229.0,2
1252,100000,246251.0,2
1253,100000,246256.0,2
1254,100000,246245.0,2
1255,100000,244564.0,2
1256,100000,244542.0,2
1257,100000,244575.0,2
1258,100000,244559.0,2
1259,100000,244589.0,2
1260,100000,245625.0,2
1261,100000,245647.0,2
1262,100000,245647.0,2
1263,100000,245618.0,2
1264,100000,245651.0,2
1265,100000,246192.0,2
1266,100000,246139.0,2
1267,100000,246198.0,2
1268,100000,246138.0,2
1269,100000,246192.0,2
1270,100000,242593.0,2
1271,100000,242603.0,2
1272,100000,242589.0,2
1273,100000,242585.0,2
1274,100000,242569.0,2
1275,100000,239311.0,2
1276,100000,239329.0,2
1277,100000,239307.0,2
1278,100000,239288.0,2
1279,100000,239321.0,2
1280,100000,245473.0,2
1281,100000,245476.0,2
1282,100000,245479.0,2
1283,100000,245622.0,2
1284,100000,245573.0,2
1285,100000,245641.0,2
1286,100000,245586.0,2
1287,100000,245670.0,2
1288,100000,245610.0,2
1289,100000,245594.0,2
1290,100000,243603.0,2
1291,100000,243600.0,2
1292,100000,243571.0,2
1293,100000,243598.0,2
1294,100000,243603.0,2
1295,100000,237879.0,2
1296,100000,237869.0,2
1297,100000,237844.0,2
1298,100000,237875.0,2
1299,100000,237860.0,2
1300,100000,245635.0,3
1301,100000,245629.0,3
1302,100000,245638.0,3
1303,100000,245623.0,3
1304,100000,245626.0,3
1305,100000,239803.0,3
1306,100000,239767.0,3
1307,100000,239799.0,3
1308,100000,239811.0,3
1309,100000,239798.0,3
1310,100000,239162.0,3
1311,100000,239168.0,3
1312,100000,239146.0,3
1313,100000,239159.0,3
1314,100000,239163.0,3
1315,100000,245938.0,3
1316,100000,245973.0,3
1317,100000,245978.0,3
1318,100000,245950.0,3
1319,100000,245926.0,3
1320,100000,246306.0,3
1321,100000,246364.0,3
1322,100000,246331.0,3
1323,100000,246338.0,3
1324,100000,246387.0,3
1325,100000,246113.0,3
1326,100000,246098.0,3
1327,100000,246114.0,3
1328,100000,246110.0,3
1329,100000,246080.0,3
1330,100000,244765.0,3
1331,100000,244646.0,3
1332,100000,244765.0,3
1333,100000,244647.0,3
1334,100000,244651.0,3
1335,100000,239566.0,3
1336,100000,239550.0,3
1337,100000,239548.0,3
1338,100000,239550.0,3
1339,100000,239559.0,3
1340,100000,247479.0,3
1341,100000,247481.0,3
1342,100000,247440.0,3
1343,100000,247476.0,3
1344,100000,247445.0,3
1345,100000,245961.0,3
1346,100000,245977.0,3
1347,100000,245941.0,3
1348,100000,245940.0,3
1349,100000,245902.0,3
1350,100000,247007.0,3
1351,100000,246861.0,3
1352,100000,246898.0,3
1353,100000,247007.0,3
1354,100000,246835.0,3
1355,100000,244802.0,3
1356,100000,244907.0,3
1357,100000,244741.0,3
1358,100000,244901.0,3
1359,100000,244815.0,3
1360,100000,246104.0,3
1361,100000,246110.0,3
1362,100000,246068.0,3
1363,100000,246102.0,3
1364,100000,246102.0,3
1365,100000,246595.0,3
1366,100000,246572.0,3
1367,100000,246601.0,3
1368,100000,246540.0,3
1369,100000,246604.0,3
1370,100000,242871.0,3
1371,100000,242862.0,3
1372,100000,242909.0,3
1373,100000,242858.0,3
1374,100000,242911.0,3
1375,100000,239770.0,3
1376,100000,239779.0,3
1377,100000,239790.0,3
1378,100000,239746.0,3
1379,100000,239781.0,3
1380,100000,245627.0,3
1381,100000,245673.0,3
1382,100000,245681.0,3
1383,100000,245676.0,3
1384,100000,245683.0,3
1385,100000,246132.0,3
1386,100000,246259.0,3
1387,100000,246259.0,3
1388,100000,246104.0,3
1389,100000,246116.0,3
1390,100000,243872.0,3
1391,100000,243899.0,3
1392,100000,243902.0,3
1393,100000,243872.0,3
1394,100000,243911.0,3
1395,100000,238187.0,3
1396,100000,238174.0,3
1397,100000,238154.0,3
1398,100000,238178.0,3
1399,100000,238188.0,3
1400,100000,244686.0,4
1401,100000,244656.0,4
1402,100000,244698.0,4
1403,100000,244677.0,4
1404,100000,244680.0,4
1405,100000,238989.0,4
1406,100000,238901.0,4
1407,100000,238986.0,4
1408,100000,238966.0,4
1409,100000,238999.0,4
1410,100000,238595.0,4
1411,100000,238601.0,4
1412,100000,238613.0,4
1413,100000,238603.0,4
1414,100000,238582.0,4
1415,100000,245131.0,4
1416,100000,245159.0,4
1417,100000,245175.0,4
1418,100000,245141.0,4
1419,100000,245131.0,4
1420,100000,245563.0,4
1421,100000,245506.0,4
1422,100000,245575.0,4
1423,100000,245538.0,4
1424,100000,245563.0,4
1425,100000,245333.0,4
1426,100000,245443.0,4
1427,100000,245445.0,4
1428,100000,245333.0,4
1429,100000,245359.0,4
1430,100000,244148.0,4
1431,100000,244237.0,4
1432,100000,244126.0,4
1433,100000,244237.0,4
1434,100000,244172.0,4
1435,100000,238938.0,4
1436,100000,238969.0,4
1437,100000,238961.0,4
1438,100000,238948.0,4
1439,100000,238952.0,4
1440,100000,247969.0,4
1441,100000,247949.0,4
1442,100000,247907.0,4
1443,100000,247967.0,4
1444,100000,247966.0,4
1445,100000,245255.0,4
1446,100000,245220.0,4
1447,100000,245231.0,4
1448,100000,245252.0,4
1449,100000,245199.0,4
1450,100000,246121.0,4
1451,100000,246053.0,4
1452,100000,246247.0,4
1453,100000,246247.0,4
1454,100000,246061.0,4
1455,100000,243922.0,4
1456,100000,243907.0,4
1457,100000,243967.0,4
1458,100000,243965.0,4
1459,100000,243941.0,4
1460,100000,245302.0,4
1461,100000,245270.0,4
1462,100000,245304.0,4
1463,100000,245270.0,4
1464,100000,245293.0,4
1465,100000,245865.0,4
1466,100000,245798.0,4
1467,100000,245844.0,4
1468,100000,245909.0,4
1469,100000,245868.0,4
1470,100000,242312.0,4
1471,100000,242133.0,4
1472,100000,242131.0,4
1473,100000,242313.0,4
1474,100000,242191.0,4
1475,100000,238922.0,4
1476,100000,238920.0,4
1477,100000,238923.0,4
1478,100000,238914.0,4
1479,100000,238931.0,4
1480,100000,244892.0,4
1481,100000,245066.0,4
1482,100000,245066.0,4
1483,100000,244935.0,4
1484,100000,244942.0,4
1485,100000,245213.0,4
1486,100000,245180.0,4
1487,100000,245214.0,4
1488,100000,245219.0,4
1489,100000,245212.0,4
1490,100000,243007.0,4
1491,100000,243078.0,4
1492,100000,243075.0,4
1493,100000,243080.0,4
1494,100000,243079.0,4
1495,100000,237269.0,4
1496,100000,237261.0,4
1497,100000,237206.0,4
1498,100000,237244.0,4
1499,100000,237271.0,4
1500,100000,243523.0,5
1501,100000,243527.0,5
1502,100000,243592.0,5
1503,100000,243566.0,5
1504,100000,243565.0,5
1505,100000,237860.0,5
1506,100000,237823.0,5
1507,100000,237847.0,5
1508,100000,237845.0,5
1509,100000,237805.0,5
1510,100000,237425.0,5
1511,100000,237445.0,5
1512,100000,237405.0,5
1513,100000,237441.0,5
1514,100000,237370.0,5
1515,100000,244170.0,5
1516,100000,244178.0,5
1517,100000,244203.0,5
1518,100000,244170.0,5
1519,100000,244182.0,5
1520,100000,244542.0,5
1521,100000,244433.0,5
1522,100000,244533.0,5
1523,100000,244517.0,5
1524,100000,244490.0,5
1525,100000,244387.0,5
1526,100000,244260.0,5
1527,100000,244266.0,5
1528,100000,244388.0,5
1529,100000,244261.0,5
1530,100000,243241.0,5
1531,100000,243270.0,5
1532,100000,243273.0,5
1533,100000,243268.0,5
1534,100000,243245.0,5
1535,100000,237797.0,5
1536,100000,237807.0,5
1537,100000,237803.0,5
1538,100000,237813.0,5
1539,100000,237806.0,5
1540,100000,248249.0,5
1541,100000,248237.0,5
1542,100000,248244.0,5
1543,100000,248238.0,5
1544,100000,248256.0,5
1545,100000,243986.0,5
1546,100000,244008.0,5
1547,100000,244018.0,5
1548,100000,243984.0,5
1549,100000,244040.0,5
1550,100000,245128.0,5
1551,100000,245126.0,5
1552,100000,245103.0,5
1553,100000,245125.0,5
1554,100000,245101.0,5
1555,100000,242777.0,5
1556,100000,242732.0,5
1557,100000,242746.0,5
1558,100000,242872.0,5
1559,100000,242872.0,5
1560,100000,244172.0,5
1561,100000,244170.0,5
1562,100000,244169.0,5
1563,100000,244183.0,5
1564,100000,244142.0,5
1565,100000,244611.0,5
1566,100000,244580.0,5
1567,100000,244582.0,5
1568,100000,244571.0,5
1569,100000,244615.0,5
1570,100000,240980.0,5
1571,100000,240996.0,5
1572,100000,241015.0,5
1573,100000,240990.0,5
1574,100000,240976.0,5
1575,100000,237769.0,5
1576,100000,237773.0,5
1577,100000,237768.0,5
1578,100000,237743.0,5
1579,100000,237765.0,5
1580,100000,243797.0,5
1581,100000,243766.0,5
1582,100000,243823.0,5
1583,100000,243830.0,5
1584,100000,243823.0,5
1585,100000,244222.0,5
1586,100000,244239.0,5
1587,100000,244218.0,5
1588,100000,244224.0,5
1589,100000,244267.0,5
1590,100000,241900.0,5
1591,100000,241930.0,5
1592,100000,241893.0,5
1593,100000,241925.0,5
1594,100000,241926.0,5
1595,100000,236184.0,5
1596,100000,236179.0,5
1597,100000,236158.0,5
1598,100000,236174.0,5
1599,100000,236164.0,5
1600,100000,245453.0,6
1601,100000,245289.0,6
1602,100000,245453.0,6
1603,100000,245338.0,6
1604,100000,245326.0,6
1605,100000,239814.0,6
1606,100000,239792.0,6
1607,100000,239804.0,6
1608,100000,239737.0,6
1609,100000,239880.0,6
1610,100000,239425.0,6
1611,100000,239422.0,6
1612,100000,239411.0,6
1613,100000,239431.0,6
1614,100000,239402.0,6
1615,100000,246298.0,6
1616,100000,246299.0,6
1617,100000,246383.0,6
1618,100000,246346.0,6
1619,100000,246376.0,6
1620,100000,246529.0,6
1621,100000,246550.0,6
1622,100000,246673.0,6
1623,100000,246528.0,6
1624,100000,246673.0,6
1625,100000,246433.0,6
1626,100000,246427.0,6
1627,100000,246423.0,6
1628,100000,246435.0,6
1629,100000,246432.0,6
1630,100000,245410.0,6
1631,100000,245449.0,6
1632,100000,245369.0,6
1633,100000,245413.0,6
1634,100000,245446.0,6
1635,100000,239626.0,6
1636,100000,239647.0,6
1637,100000,239622.0,6
1638,100000,239625.0,6
1639,100000,239635.0,6
1640,100000,251373.0,6
1641,100000,251378.0,6
1642,100000,251363.0,6
1643,100000,251373.0,6
1644,100000,251376.0,6
1645,100000,246087.0,6
1646,100000,246129.0,6
1647,100000,246130.0,6
1648,100000,246113.0,6
1649,100000,246140.0,6
1650,100000,247316.0,6
1651,100000,247315.0,6
1652,100000,247314.0,6
1653,100000,247352.0,6
1654,100000,247345.0,6
1655,100000,244751.0,6
1656,100000,244903.0,6
1657,100000,244741.0,6
1658,100000,244700.0,6
1659,100000,244903.0,6
1660,100000,246180.0,6
1661,100000,246205.0,6
1662,100000,246313.0,6
1663,100000,246313.0,6
1664,100000,246209.0,6
1665,100000,246817.0,6
1666,100000,246670.0,6
1667,100000,246819.0,6
1668,100000,246701.0,6
1669,100000,246661.0,6
1670,100000,243115.0,6
1671,100000,243151.0,6
1672,100000,243244.0,6
1673,100000,243245.0,6
1674,100000,243154.0,6
1675,100000,239732.0,6
1676,100000,239724.0,6
1677,100000,239731.0,6
1678,100000,239725.0,6
1679,100000,239745.0,6
1680,100000,245981.0,6
1681,100000,245817.0,6
1682,100000,245980.0,6
1683,100000,245780.0,6
1684,100000,245816.0,6
1685,100000,246358.0,6
1686,100000,246313.0,6
1687,100000,246326.0,6
1688,100000,246306.0,6
1689,100000,246313.0,6
1690,100000,243852.0,6
1691,100000,243819.0,6
1692,100000,243794.0,6
1693,100000,243815.0,6
1694,100000,243866.0,6
1695,100000,238077.0,6
1696,100000,238098.0,6
1697,100000,238093.0,6
1698,100000,238067.0,6
1699,100000,238084.0,6
1700,100000,248932.0,7
1701,100000,248986.0,7
1702,100000,248955.0,7
1703,100000,248950.0,7
1704,100000,248944.0,7
1705,100000,243493.0,7
1706,100000,243427.0,7
1707,100000,243439.0,7
1708,100000,243446.0,7
1709,100000,243450.0,7
1710,100000,242985.0,7
1711,100000,242984.0,7
1712,100000,243003.0,7
1713,100000,242985.0,7
1714,100000,242963.0,7
1715,100000,249899.0,7
1716,100000,249947.0,7
1717,100000,249937.0,7
1718,100000,249939.0,7
1719,100000,249884.0,7
1720,100000,250064.0,7
1721,100000,250118.0,7
1722,100000,250124.0,7
1723,100000,250095.0,7
1724,100000,250095.0,7
1725,100000,250069.0,7
1726,100000,250065.0,7
1727,100000,250070.0,7
1728,100000,250098.0,7
1729,100000,250018.0,7
1730,100000,249145.0,7
1731,100000,249142.0,7
1732,100000,249169.0,7
1733,100000,249093.0,7
1734,100000,249144.0,7
1735,100000,243430.0,7
1736,100000,243457.0,7
1737,100000,243454.0,7
1738,100000,243454.0,7
1739,100000,243465.0,7
1740,100000,255969.0,7
1741,100000,255970.0,7
1742,100000,256053.0,7
1743,100000,256053.0,7
1744,100000,255970.0,7
1745,100000,249872.0,7
1746,100000,249839.0,7
1747,100000,249890.0,7
1748,100000,249889.0,7
1749,100000,249898.0,7
1750,100000,251286.0,7
1751,100000,251168.0,7
1752,100000,251145.0,7
1753,100000,251287.0,7
1754,100000,251145.0,7
1755,100000,248464.0,7
1756,100000,248414.0,7
1757,100000,248494.0,7
1758,100000,248468.0,7
1759,100000,248492.0,7
1760,100000,249884.0,7
1761,100000,249942.0,7
1762,100000,249940.0,7
1763,100000,249881.0,7
1764,100000,249950.0,7
1765,100000,250515.0,7
1766,100000,250393.0,7
1767,100000,250395.0,7
1768,100000,250515.0,7
1769,100000,250351.0,7
1770,100000,246659.0,7
1771,100000,246712.0,7
1772,100000,246683.0,7
1773,100000,246680.0,7
1774,100000,246710.0,7
1775,100000,243374.0,7
1776,100000,243355.0,7
1777,100000,243361.0,7
1778,100000,243340.0,7
1779,100000,243360.0,7
1780,100000,249533.0,7
1781,100000,249524.0,7
1782,100000,249509.0,7
1783,100000,249509.0,7
1784,100000,249528.0,7
1785,100000,250036.0,7
1786,100000,250055.0,7
1787,100000,250078.0,7
1788,100000,250030.0,7
1789,100000,250030.0,7
1790,100000,247609.0,7
1791,100000,247482.0,7
1792,100000,247438.0,7
1793,100000,247457.0,7
1794,100000,247609.0,7
1795,100000,241957.0,7
1796,100000,241946.0,7
1797,100000,241921.0,7
1798,100000,241954.0,7
1799,100000,241955.0,7
1800,100000,245795.0,8
1801,100000,245848.0,8
1802,100000,245863.0,8
1803,100000,245824.0,8
1804,100000,245857.0,8
1805,100000,240498.0,8
1806,100000,240479.0,8
1807,100000,240514.0,8
1808,100000,240426.0,8
1809,100000,240510.0,8
1810,100000,240286.0,8
1811,100000,240258.0,8
1812,100000,240265.0,8
1813,100000,240258.0,8
1814,100000,240234.0,8
1815,100000,247097.0,8
1816,100000,247126.0,8
1817,100000,247130.0,8
1818,100000,247131.0,8
1819,100000,247095.0,8
1820,100000,247331.0,8
1821,100000,247332.0,8
1822,100000,247326.0,8
1823,100000,247302.0,8
1824,100000,247342.0,8
1825,100000,246975.0,8
1826,100000,246997.0,8
1827,100000,246994.0,8
1828,100000,247020.0,8
1829,100000,246952.0,8
1830,100000,246380.0,8
1831,100000,246333.0,8
1832,100000,246343.0,8
1833,100000,246336.0,8
1834,100000,246375.0,8
1835,100000,240310.0,8
1836,100000,240328.0,8
1837,100000,240326.0,8
1838,100000,240312.0,8
1839,100000,240313.0,8
1840,100000,254208.0,8
1841,100000,254201.0,8
1842,100000,254207.0,8
1843,100000,254213.0,8
1844,100000,254206.0,8
1845,100000,247069.0,8
1846,100000,247110.0,8
1847,100000,247105.0,8
1848,100000,247087.0,8
1849,100000,247120.0,8
1850,100000,248259.0,8
1851,100000,248359.0,8
1852,100000,248209.0,8
1853,100000,248238.0,8
1854,100000,248359.0,8
1855,100000,245365.0,8
1856,100000,245333.0,8
1857,100000,245365.0,8
1858,100000,245325.0,8
1859,100000,245367.0,8
1860,100000,247039.0,8
1861,100000,247031.0,8
1862,100000,247029.0,8
1863,100000,247027.0,8
1864,100000,247044.0,8
1865,100000,247452.0,8
1866,100000,247498.0,8
1867,100000,247502.0,8
1868,100000,247452.0,8
1869,100000,247498.0,8
1870,100000,243662.0,8
1871,100000,243685.0,8
1872,100000,243661.0,8
1873,100000,243710.0,8
1874,100000,243661.0,8
1875,100000,240393.0,8
1876,100000,240397.0,8
1877,100000,240382.0,8
1878,100000,240358.0,8
1879,100000,240387.0,8
1880,100000,246727.0,8
1881,100000,246705.0,8
1882,100000,246737.0,8
1883,100000,246731.0,8
1884,100000,246731.0,8
1885,100000,247111.0,8
1886,100000,247087.0,8
1887,100000,247049.0,8
1888,100000,247113.0,8
1889,100000,247123.0,8
1890,100000,244447.0,8
1891,100000,244473.0,8
1892,100000,244427.0,8
1893,100000,244472.0,8
1894,100000,244423.0,8
1895,100000,238905.0,8
1896,100000,238913.0,8
1897,100000,238887.0,8
1898,100000,238905.0,8
1899,100000,238907.0,8
1900,100000,245624.0,9
1901,100000,245730.0,9
1902,100000,245562.0,9
1903,100000,245591.0,9
1904,100000,245730.0,9
1905,100000,240261.0,9
1906,100000,240245.0,9
1907,100000,240249.0,9
1908,100000,240263.0,9
1909,100000,240257.0,9
1910,100000,239915.0,9
1911,100000,239965.0,9
1912,100000,239958.0,9
1913,100000,239965.0,9
1914,100000,239934.0,9
1915,100000,247088.0,9
1916,100000,247038.0,9
1917,100000,247087.0,9
1918,100000,247058.0,9
1919,100000,247085.0,9
1920,100000,247032.0,9
1921,100000,247098.0,9
1922,100000,247093.0,9
1923,100000,247065.0,9
1924,100000,247154.0,9
1925,100000,246919.0,9
1926,100000,246767.0,9
1927,100000,246768.0,9
1928,100000,246920.0,9
1929,100000,246797.0,9
1930,100000,246252.0,9
1931,100000,246222.0,9
1932,100000,246236.0,9
1933,100000,246229.0,9
1934,100000,246256.0,9
1935,100000,240257.0,9
1936,100000,240270.0,9
1937,100000,240265.0,9
1938,100000,240306.0,9
1939,100000,240326.0,9
1940,100000,254911.0,9
1941,100000,255026.0,9
1942,100000,255026.0,9
1943,100000,254910.0,9
1944,100000,254912.0,9
1945,100000,246942.0,9
1946,100000,246933.0,9
1947,100000,246914.0,9
1948,100000,246921.0,9
1949,100000,246920.0,9
1950,100000,248153.0,9
1951,100000,248149.0,9
1952,100000,248160.0,9
1953,100000,248151.0,9
1954,100000,248153.0,9
1955,100000,245148.0,9
1956,100000,245085.0,9
1957,100000,245114.0,9
1958,100000,245110.0,9
1959,100000,245052.0,9
1960,100000,246910.0,9
1961,100000,246915.0,9
1962,100000,246900.0,9
1963,100000,246890.0,9
1964,100000,246903.0,9
1965,100000,247297.0,9
1966,100000,247291.0,9
1967,100000,247295.0,9
1968,100000,247266.0,9
1969,100000,247300.0,9
1970,100000,243520.0,9
1971,100000,243544.0,9
1972,100000,243556.0,9
1973,100000,243503.0,9
1974,100000,243552.0,9
1975,100000,240161.0,9
1976,100000,240150.0,9
1977,100000,240102.0,9
1978,100000,240137.0,9
1979,100000,240115.0,9
1980,100000,246559.0,9
1981,100000,246568.0,9
1982,100000,246561.0,9
1983,100000,246574.0,9
1984,100000,246568.0,9
1985,100000,246853.0,9
1986,100000,246848.0,9
1987,100000,246975.0,9
1988,100000,246975.0,9
1989,100000,246817.0,9
1990,100000,244318.0,9
1991,100000,244484.0,9
1992,100000,244484.0,9
1993,100000,244343.0,9
1994,100000,244378.0,9
1995,100000,238511.0,9
1996,100000,238510.0,9
1997,100000,238398.0,9
1998,100000,238515.0,9
1999,100000,238519.0,9
2000,1000000,2362140.0,0
2001,1000000,2361332.0,0
2002,1000000,2362144.0,0
2003,1000000,2361363.0,0
2004,1000000,2361369.0,0
2005,1000000,2355688.0,0
2006,1000000,2355675.0,0
2007,1000000,2355720.0,0
2008,1000000,2355722.0,0
2009,1000000,2355666.0,0
2010,1000000,2355356.0,0
2011,1000000,2355353.0,0
2012,1000000,2355333.0,0
2013,1000000,2355291.0,0
2014,1000000,2355354.0,0
2015,1000000,2362950.0,0
2016,1000000,2363028.0,0
2017,1000000,2363027.0,0
2018,1000000,2362986.0,0
2019,1000000,2363026.0,0
2020,1000000,2363014.0,0
2021,1000000,2362968.0,0
2022,1000000,2363027.0,0
2023,1000000,2363069.0,0
2024,1000000,2363058.0,0
2025,1000000,2362572.0,0
2026,1000000,2362648.0,0
2027,1000000,2362639.0,0
2028,1000000,2362632.0,0
2029,1000000,2362638.0,0
2030,1000000,2362191.0,0
2031,1000000,2362166.0,0
2032,1000000,2362152.0,0
2033,1000000,2362218.0,0
2034,1000000,2362176.0,0
2035,1000000,2355693.0,0
2036,1000000,2355691.0,0
2037,1000000,2355679.0,0
2038,1000000,2355712.0,0
2039,1000000,2355644.0,0
2040,1000000,2371587.0,0
2041,1000000,2371600.0,0
2042,1000000,2371542.0,0
2043,1000000,2371612.0,0
2044,1000000,2371580.0,0
2045,1000000,2362709.0,0
2046,1000000,2362675.0,0
2047,1000000,2363515.0,0
2048,1000000,2362753.0,0
2049,1000000,2363514.0,0
2050,1000000,2364213.0,0
2051,1000000,2364183.0,0
2052,1000000,2364204.0,0
2053,1000000,2364211.0,0
2054,1000000,2364225.0,0
2055,1000000,2360943.0,0
2056,1000000,2360897.0,0
2057,1000000,2360948.0,0
2058,1000000,2360927.0,0
2059,1000000,2360956.0,0
2060,1000000,2362746.0,0
2061,1000000,2362722.0,0
2062,1000000,2362747.0,0
2063,1000000,2362749.0,0
2064,1000000,2362734.0,0
2065,1000000,2363414.0,0
2066,1000000,2363379.0,0
2067,1000000,2363362.0,0
2068,1000000,2363416.0,0
2069,1000000,2363422.0,0
2070,1000000,2359571.0,0
2071,1000000,2359601.0,0
2072,1000000,2359600.0,0
2073,1000000,2359544.0,0
2074,1000000,2359620.0,0
2075,1000000,2355210.0,0
2076,1000000,2355495.0,0
2077,1000000,2355491.0,0
2078,1000000,2355139.0,0
2079,1000000,2355209.0,0
2080,1000000,2362238.0,0
2081,1000000,2362265.0,0
2082,1000000,2362243.0,0
2083,1000000,2362284.0,0
2084,1000000,2362312.0,0
2085,1000000,2362813.0,0
2086,1000000,2362888.0,0
2087,1000000,2362892.0,0
2088,1000000,2362845.0,0
2089,1000000,2362880.0,0
2090,1000000,2360161.0,0
2091,1000000,2360160.0,0
2092,1000000,2360061.0,0
2093,1000000,2360102.0,0
2094,1000000,2360142.0,0
2095,1000000,2354031.0,0
2096,1000000,2354007.0,0
2097,1000000,2353995.0,0
2098,1000000,2353985.0,0
2099,1000000,2354005.0,0
2100,1000000,2359575.0,1
2101,1000000,2359624.0,1
2102,1000000,2359619.0,1
2103,1000000,2359602.0,1
2104,1000000,2359634.0,1
2105,1000000,2354095.0,1
2106,1000000,2354062.0,1
2107,1000000,2354100.0,1
2108,1000000,2354061.0,1
2109,1000000,2354128.0,1
2110,1000000,2353663.0,1
2111,1000000,2353608.0,1
2112,1000000,2353576.0,1
2113,1000000,2353627.0,1
2114,1000000,2353577.0,1
2115,1000000,2362087.0,1
2116,1000000,2362085.0,1
2117,1000000,2361441.0,1
2118,1000000,2361403.0,1
2119,1000000,2361424.0,1
2120,1000000,2361501.0,1
2121,1000000,2361480.0,1
2122,1000000,2361514.0,1
2123,1000000,2361475.0,1
2124,1000000,2361502.0,1
2125,1000000,2360771.0,1
2126,1000000,2360744.0,1
2127,1000000,2360769.0,1
2128,1000000,2360695.0,1
2129,1000000,2360764.0,1
2130,1000000,2360599.0,1
2131,1000000,2361367.0,1
2132,1000000,2360606.0,1
2133,1000000,2361370.0,1
2134,1000000,2360617.0,1
2135,1000000,2353717.0,1
2136,1000000,2353714.0,1
2137,1000000,2353753.0,1
2138,1000000,2353735.0,1
2139,1000000,2353702.0,1
2140,1000000,2370688.0,1
2141,1000000,2370715.0,1
2142,1000000,2370698.0,1
2143,1000000,2370641.0,1
2144,1000000,2370725.0,1
2145,1000000,2361216.0,1
2146,1000000,2361297.0,1
2147,1000000,2361283.0,1
2148,1000000,2361302.0,1
2149,1000000,2361299.0,1
2150,1000000,2362770.0,1
2151,1000000,2362685.0,1
2152,1000000,2362714.0,1
2153,1000000,2362745.0,1
2154,1000000,2362738.0,1
2155,1000000,2359160.0,1
2156,1000000,2359164.0,1
2157,1000000,2359211.0,1
2158,1000000,2359199.0,1
2159,1000000,2359223.0,1
2160,1000000,2361328.0,1
2161,1000000,2361323.0,1
2162,1000000,2361334.0,1
2163,1000000,2361260.0,1
2164,1000000,2361332.0,1
2165,1000000,2361744.0,1
2166,1000000,2361678.0,1
2167,1000000,2361756.0,1
2168,1000000,2361757.0,1
2169,1000000,2361705.0,1
2170,1000000,2357916.0,1
2171,1000000,2357941.0,1
2172,1000000,2358714.0,1
2173,1000000,2358713.0,1
2174,1000000,2357934.0,1
2175,1000000,2353601.0,1
2176,1000000,2353576.0,1
2177,1000000,2353605.0,1
2178,1000000,2353541.0,1
2179,1000000,2353592.0,1
2180,1000000,2360880.0,1
2181,1000000,2360907.0,1
2182,1000000,2360820.0,1
2183,1000000,2360854.0,1
2184,1000000,2360878.0,1
2185,1000000,2361447.0,1
2186,1000000,2361397.0,1
2187,1000000,2361384.0,1
2188,1000000,2361388.0,1
2189,1000000,2361415.0,1
2190,1000000,2358633.0,1
2191,1000000,2358619.0,1
2192,1000000,2358571.0,1
2193,1000000,2358623.0,1
2194,1000000,2358596.0,1
2195,1000000,2352363.0,1
2196,1000000,2352371.0,1
2197,1000000,2352286.0,1
2198,1000000,2352399.0,1
2199,1000000,2352401.0,1
2200,1000000,2348745.0,2
2201,1000000,2348791.0,2
2202,1000000,2348789.0,2
2203,1000000,2348727.0,2
2204,1000000,2348798.0,2
2205,1000000,2343307.0,2
2206,1000000,2343247.0,2
2207,1000000,2343217.0,2
2208,1000000,2343300.0,2
2209,1000000,2343280.0,2
2210,1000000,2343218.0,2
2211,1000000,2343220.0,2
2212,1000000,2343160.0,2
2213,1000000,2343227.0,2
2214,1000000,2343227.0,2
2215,1000000,2350834.0,2
2216,1000000,2350839.0,2
2217,1000000,2350796.0,2
2218,1000000,2350845.0,2
2219,1000000,2350840.0,2
2220,1000000,2350672.0,2
2221,1000000,2350674.0,2
2222,1000000,2350675.0,2
2223,1000000,2350663.0,2
2224,1000000,2350586.0,2
2225,1000000,2349831.0,2
2226,1000000,2349808.0,2
2227,1000000,2349786.0,2
2228,1000000,2349835.0,2
2229,1000000,2349819.0,2
2230,1000000,2350060.0,2
2231,1000000,2350113.0,2
2232,1000000,2350100.0,2
2233,1000000,2350101.0,2
2234,1000000,2350121.0,2
2235,1000000,2343587.0,2
2236,1000000,2343600.0,2
2237,1000000,2343573.0,2
2238,1000000,2343557.0,2
2239,1000000,2343569.0,2
2240,1000000,2358685.0,2
2241,1000000,2358742.0,2
2242,1000000,2358618.0,2
2243,1000000,2358688.0,2
2244,1000000,2358701.0,2
2245,1000000,2350371.0,2
2246,1000000,2350381.0,2
2247,1000000,2350313.0,2
2248,1000000,2350359.0,2
2249,1000000,2350355.0,2
2250,1000000,2351993.0,2
2251,1000000,2351976.0,2
2252,1000000,2352043.0,2
2253,1000000,2352029.0,2
2254,1000000,2352000.0,2
2255,1000000,2348356.0,2
2256,1000000,2348273.0,2
2257,1000000,2348351.0,2
2258,1000000,2348314.0,2
2259,1000000,2348335.0,2
2260,1000000,2350436.0,2
2261,1000000,2350476.0,2
2262,1000000,2350472.0,2
2263,1000000,2350458.0,2
2264,1000000,2350383.0,2
2265,1000000,2351001.0,2
2266,1000000,2350980.0,2
2267,1000000,2350940.0,2
2268,1000000,2350996.0,2
2269,1000000,2351002.0,2
2270,1000000,2347134.0,2
2271,1000000,2347096.0,2
2272,1000000,2347139.0,2
2273,1000000,2347127.0,2
2274,1000000,2347110.0,2
2275,1000000,2343032.0,2
2276,1000000,2343031.0,2
2277,1000000,2342951.0,2
2278,1000000,2342934.0,2
2279,1000000,2343022.0,2
2280,1000000,2350081.0,2
2281,1000000,2350134.0,2
2282,1000000,2350163.0,2
2283,1000000,2350163.0,2
2284,1000000,2350123.0,2
2285,1000000,2350532.0,2
2286,1000000,2350498.0,2
2287,1000000,2350530.0,2
2288,1000000,2350549.0,2
2289,1000000,2350603.0,2
2290,1000000,2347741.0,2
2291,1000000,2347742.0,2
2292,1000000,2347712.0,2
2293,1000000,2347731.0,2
2294,1000000,2347717.0,2
2295,1000000,2341705.0,2
2296,1000000,2341645.0,2
2297,1000000,2341690.0,2
2298,1000000,2341662.0,2
2299,1000000,2341669.0,2
2300,1000000,2349995.0,3
2301,1000000,2350096.0,3
2302,1000000,2350089.0,3
2303,1000000,2350045.0,3
2304,1000000,2350029.0,3
2305,1000000,2344423.0,3
2306,1000000,2344321.0,3
2307,1000000,2344418.0,3
2308,1000000,2344346.0,3
2309,1000000,2344365.0,3
2310,1000000,2344788.0,3
2311,1000000,2344846.0,3
2312,1000000,2344830.0,3
2313,1000000,2344832.0,3
2314,1000000,2344715.0,3
2315,1000000,2352073.0,3
2316,1000000,2352147.0,3
2317,1000000,2352128.0,3
2318,1000000,2352086.0,3
2319,1000000,2352107.0,3
2320,1000000,2352230.0,3
2321,1000000,2352261.0,3
2322,1000000,2352280.0,3
2323,1000000,2352203.0,3
2324,1000000,2352189.0,3
2325,1000000,2351354.0,3
2326,1000000,2351301.0,3
2327,1000000,2351327.0,3
2328,1000000,2351345.0,3
2329,1000000,2351335.0,3
2330,1000000,2351624.0,3
2331,1000000,2351636.0,3
2332,1000000,2351639.0,3
2333,1000000,2351620.0,3
2334,1000000,2351631.0,3
2335,1000000,2344736.0,3
2336,1000000,2344773.0,3
2337,1000000,2344739.0,3
2338,1000000,2344705.0,3
2339,1000000,2344761.0,3
2340,1000000,2359160.0,3
2341,1000000,2359158.0,3
2342,1000000,2359166.0,3
2343,1000000,2359162.0,3
2344,1000000,2359086.0,3
2345,1000000,2351747.0,3
2346,1000000,2351730.0,3
2347,1000000,2351711.0,3
2348,1000000,2351677.0,3
2349,1000000,2351750.0,3
2350,1000000,2353551.0,3
2351,1000000,2353563.0,3
2352,1000000,2353517.0,3
2353,1000000,2354305.0,3
2354,1000000,2354305.0,3
2355,1000000,2349723.0,3
2356,1000000,2349790.0,3
2357,1000000,2349836.0,3
2358,1000000,2349801.0,3
2359,1000000,2349768.0,3
2360,1000000,2352154.0,3
2361,1000000,2352157.0,3
2362,1000000,2352158.0,3
2363,1000000,2352150.0,3
2364,1000000,2352159.0,3
2365,1000000,2352349.0,3
2366,1000000,2352292.0,3
2367,1000000,2352317.0,3
2368,1000000,2352338.0,3
2369,1000000,2352335.0,3
2370,1000000,2348639.0,3
2371,1000000,2348638.0,3
2372,1000000,2348651.0,3
2373,1000000,2348589.0,3
2374,1000000,2348643.0,3
2375,1000000,2344581.0,3
2376,1000000,2344482.0,3
2377,1000000,2344561.0,3
2378,1000000,2344570.0,3
2379,1000000,2344548.0,3
2380,1000000,2351990.0,3
2381,1000000,2351398.0,3
2382,1000000,2351351.0,3
2383,1000000,2351985.0,3
2384,1000000,2351393.0,3
2385,1000000,2352027.0,3
2386,1000000,2352018.0,3
2387,1000000,2351985.0,3
2388,1000000,2352039.0,3
2389,1000000,2352043.0,3
2390,1000000,2349169.0,3
2391,1000000,2349206.0,3
2392,1000000,2349102.0,3
2393,1000000,2349139.0,3
2394,1000000,2349201.0,3
2395,1000000,2343724.0,3
2396,1000000,2343796.0,3
2397,1000000,2343817.0,3
2398,1000000,2343813.0,3
2399,1000000,2343809.0,3
2400,1000000,2351066.0,4
2401,1000000,2351112.0,4
2402,1000000,2351110.0,4
2403,1000000,2351241.0,4
2404,1000000,2351389.0,4
2405,1000000,2345433.0,4
2406,1000000,2345503.0,4
2407,1000000,2345527.0,4
2408,1000000,2345476.0,4
2409,1000000,2345519.0,4
2410,1000000,2346281.0,4
2411,1000000,2346266.0,4
2412,1000000,2346288.0,4
2413,1000000,2346285.0,4
2414,1000000,2346246.0,4
2415,1000000,2353088.0,4
2416,1000000,2353926.0,4
2417,1000000,2353120.0,4
2418,1000000,2353930.0,4
2419,1000000,2353106.0,4
2420,1000000,2353314.0,4
2421,1000000,2353283.0,4
2422,1000000,2353313.0,4
2423,1000000,2353230.0,4
2424,1000000,2353323.0,4
2425,1000000,2352391.0,4
2426,1000000,2352391.0,4
2427,1000000,2352439.0,4
2428,1000000,2352443.0,4
2429,1000000,2352348.0,4
2430,1000000,2352796.0,4
2431,1000000,2352798.0,4
2432,1000000,2352685.0,4
2433,1000000,2352773.0,4
2434,1000000,2352785.0,4
2435,1000000,2345846.0,4
2436,1000000,2345852.0,4
2437,1000000,2345799.0,4
2438,1000000,2345810.0,4
2439,1000000,2345839.0,4
2440,1000000,2359349.0,4
2441,1000000,2359304.0,4
2442,1000000,2359320.0,4
2443,1000000,2359334.0,4
2444,1000000,2359324.0,4
2445,1000000,2352716.0,4
2446,1000000,2352647.0,4
2447,1000000,2352721.0,4
2448,1000000,2352708.0,4
2449,1000000,2352688.0,4
2450,1000000,2354663.0,4
2451,1000000,2354614.0,4
2452,1000000,2354682.0,4
2453,1000000,2354637.0,4
2454,1000000,2354699.0,4
2455,1000000,2350842.0,4
2456,1000000,2351661.0,4
2457,1000000,2351658.0,4
2458,1000000,2350867.0,4
2459,1000000,2350884.0,4
2460,1000000,2353712.0,4
2461,1000000,2353049.0,4
2462,1000000,2353037.0,4
2463,1000000,2353708.0,4
2464,1000000,2353032.0,4
2465,1000000,2353525.0,4
2466,1000000,2353483.0,4
2467,1000000,2353551.0,4
2468,1000000,2353496.0,4
2469,1000000,2353508.0,4
2470,1000000,2349845.0,4
2471,1000000,2349882.0,4
2472,1000000,2349882.0,4
2473,1000000,2349862.0,4
2474,1000000,2349790.0,4
2475,1000000,2345383.0,4
2476,1000000,2345419.0,4
2477,1000000,2345347.0,4
2478,1000000,2345413.0,4
2479,1000000,2345318.0,4
2480,1000000,2352612.0,4
2481,1000000,2352612.0,4
2482,1000000,2353212.0,4
2483,1000000,2352614.0,4
2484,1000000,2353199.0,4
2485,1000000,2353078.0,4
2486,1000000,2353075.0,4
2487,1000000,2353087.0,4
2488,1000000,2353063.0,4
2489,1000000,2353049.0,4
2490,1000000,2350272.0,4
2491,1000000,2350253.0,4
2492,1000000,2350262.0,4
2493,1000000,2350184.0,4
2494,1000000,2350266.0,4
2495,1000000,2344462.0,4
2496,1000000,2344429.0,4
2497,1000000,2344465.0,4
2498,1000000,2344495.0,4
2499,1000000,2344484.0,4
2500,1000000,2377954.0,5
2501,1000000,2377883.0,5
2502,1000000,2377982.0,5
2503,1000000,2377932.0,5
2504,1000000,2377964.0,5
2505,1000000,2372964.0,5
2506,1000000,2372946.0,5
2507,1000000,2372968.0,5
2508,1000000,2372919.0,5
2509,1000000,2372882.0,5
2510,1000000,2372887.0,5
2511,1000000,2372901.0,5
2512,1000000,2372934.0,5
2513,1000000,2372928.0,5
2514,1000000,2372889.0,5
2515,1000000,2380353.0,5
2516,1000000,2380371.0,5
2517,1000000,2380341.0,5
2518,1000000,2380411.0,5
2519,1000000,2380314.0,5
2520,1000000,2380506.0,5
2521,1000000,2380446.0,5
2522,1000000,2380519.0,5
2523,1000000,2380505.0,5
2524,1000000,2380471.0,5
2525,1000000,2379559.0,5
2526,1000000,2379522.0,5
2527,1000000,2379524.0,5
2528,1000000,2379562.0,5
2529,1000000,2379523.0,5
2530,1000000,2380123.0,5
2531,1000000,2380122.0,5
2532,1000000,2380125.0,5
2533,1000000,2380099.0,5
2534,1000000,2380101.0,5
2535,1000000,2373035.0,5
2536,1000000,2373069.0,5
2537,1000000,2373130.0,5
2538,1000000,2373139.0,5
2539,1000000,2373118.0,5
2540,1000000,2385830.0,5
2541,1000000,2385833.0,5
2542,1000000,2385744.0,5
2543,1000000,2385801.0,5
2544,1000000,2385832.0,5
2545,1000000,2379677.0,5
2546,1000000,2379712.0,5
2547,1000000,2379672.0,5
2548,1000000,2379711.0,5
2549,1000000,2379717.0,5
2550,1000000,2382007.0,5
2551,1000000,2382751.0,5
2552,1000000,2382754.0,5
2553,1000000,2382015.0,5
2554,1000000,2381997.0,5
2555,1000000,2377907.0,5
2556,1000000,2377899.0,5
2557,1000000,2377923.0,5
2558,1000000,2377920.0,5
2559,1000000,2377925.0,5
2560,1000000,2380426.0,5
2561,1000000,2380435.0,5
2562,1000000,2380442.0,5
2563,1000000,2380374.0,5
2564,1000000,2380448.0,5
2565,1000000,2380535.0,5
2566,1000000,2380454.0,5
2567,1000000,2380558.0,5
2568,1000000,2380540.0,5
2569,1000000,2380516.0,5
2570,1000000,2376954.0,5
2571,1000000,2377283.0,5
2572,1000000,2377163.0,5
2573,1000000,2377403.0,5
2574,1000000,2376983.0,5
2575,1000000,2372574.0,5
2576,1000000,2372510.0,5
2577,1000000,2372526.0,5
2578,1000000,2372489.0,5
2579,1000000,2372578.0,5
2580,1000000,2380748.0,5
2581,1000000,2380088.0,5
2582,1000000,2380749.0,5
2583,1000000,2380064.0,5
2584,1000000,2380057.0,5
2585,1000000,2380148.0,5
2586,1000000,2380153.0,5
2587,1000000,2380168.0,5
2588,1000000,2380095.0,5
2589,1000000,2380149.0,5
2590,1000000,2377952.0,5
2591,1000000,2377264.0,5
2592,1000000,2378022.0,5
2593,1000000,2378021.0,5
2594,1000000,2378026.0,5
2595,1000000,2371656.0,5
2596,1000000,2371668.0,5
2597,1000000,2371607.0,5
2598,1000000,2371728.0,5
2599,1000000,2371727.0,5
2600,1000000,2388578.0,6
2601,1000000,2389333.0,6
2602,1000000,2389332.0,6
2603,1000000,2388614.0,6
2604,1000000,2388586.0,6
2605,1000000,2383717.0,6
2606,1000000,2383813.0,6
2607,1000000,2383827.0,6
2608,1000000,2383784.0,6
2609,1000000,2383831.0,6
2610,1000000,2383603.0,6
2611,1000000,2383572.0,6
2612,1000000,2383610.0,6
2613,1000000,2383607.0,6
2614,1000000,2383539.0,6
2615,1000000,2391141.0,6
2616,1000000,2391124.0,6
2617,1000000,2391096.0,6
2618,1000000,2391032.0,6
2619,1000000,2391119.0,6
2620,1000000,2391222.0,6
2621,1000000,2391167.0,6
2622,1000000,2391218.0,6
2623,1000000,2391264.0,6
2624,1000000,2391171.0,6
2625,1000000,2390006.0,6
2626,1000000,2389985.0,6
2627,1000000,2389997.0,6
2628,1000000,2390009.0,6
2629,1000000,2389982.0,6
2630,1000000,2391084.0,6
2631,1000000,2390813.0,6
2632,1000000,2391269.0,6
2633,1000000,2390752.0,6
2634,1000000,2390788.0,6
2635,1000000,2383729.0,6
2636,1000000,2383775.0,6
2637,1000000,2383768.0,6
2638,1000000,2383770.0,6
2639,1000000,2383676.0,6
2640,1000000,2396169.0,6
2641,1000000,2396088.0,6
2642,1000000,2396076.0,6
2643,1000000,2396161.0,6
2644,1000000,2396173.0,6
2645,1000000,2390526.0,6
2646,1000000,2390520.0,6
2647,1000000,2390467.0,6
2648,1000000,2390492.0,6
2649,1000000,2390523.0,6
2650,1000000,2393059.0,6
2651,1000000,2393263.0,6
2652,1000000,2393059.0,6
2653,1000000,2393021.0,6
2654,1000000,2393052.0,6
2655,1000000,2388597.0,6
2656,1000000,2388584.0,6
2657,1000000,2388644.0,6
2658,1000000,2388651.0,6
2659,1000000,2388655.0,6
2660,1000000,2391206.0,6
2661,1000000,2391151.0,6
2662,1000000,2391215.0,6
2663,1000000,2391154.0,6
2664,1000000,2391209.0,6
2665,1000000,2391252.0,6
2666,1000000,2391260.0,6
2667,1000000,2391255.0,6
2668,1000000,2391253.0,6
2669,1000000,2391263.0,6
2670,1000000,2387574.0,6
2671,1000000,2387658.0,6
2672,1000000,2387631.0,6
2673,1000000,2387642.0,6
2674,1000000,2387663.0,6
2675,1000000,2383435.0,6
2676,1000000,2383441.0,6
2677,1000000,2383489.0,6
2678,1000000,2383414.0,6
2679,1000000,2383486.0,6
2680,1000000,2390958.0,6
2681,1000000,2390916.0,6
2682,1000000,2390993.0,6
2683,1000000,2390988.0,6
2684,1000000,2391002.0,6
2685,1000000,2391021.0,6
2686,1000000,2391011.0,6
2687,1000000,2390949.0,6
2688,1000000,2391014.0,6
2689,1000000,2390957.0,6
2690,1000000,2388971.0,6
2691,1000000,2388971.0,6
2692,1000000,2388157.0,6
2693,1000000,2388159.0,6
2694,1000000,2388182.0,6
2695,1000000,2382561.0,6
2696,1000000,2382551.0,6
2697,1000000,2382456.0,6
2698,1000000,2382523.0,6
2699,1000000,2382546.0,6
2700,1000000,2350301.0,7
2701,1000000,2350303.0,7
2702,1000000,2350356.0,7
2703,1000000,2350364.0,7
2704,1000000,2350353.0,7
2705,1000000,2345226.0,7
2706,1000000,2345249.0,7
2707,1000000,2345254.0,7
2708,1000000,2345164.0,7
2709,1000000,2345268.0,7
2710,1000000,2345322.0,7
2711,1000000,2345383.0,7
2712,1000000,2345348.0,7
2713,1000000,2345280.0,7
2714,1000000,2345376.0,7
2715,1000000,2352943.0,7
2716,1000000,2352964.0,7
2717,1000000,2352945.0,7
2718,1000000,2352944.0,7
2719,1000000,2352971.0,7
2720,1000000,2353250.0,7
2721,1000000,2353233.0,7
2722,1000000,2353243.0,7
2723,1000000,2353223.0,7
2724,1000000,2353254.0,7
2725,1000000,2352038.0,7
2726,1000000,2352010.0,7
2727,1000000,2352050.0,7
2728,1000000,2352006.0,7
2729,1000000,2352017.0,7
2730,1000000,2352734.0,7
2731,1000000,2352735.0,7
2732,1000000,2352686.0,7
2733,1000000,2352698.0,7
2734,1000000,2352726.0,7
2735,1000000,2345259.0,7
2736,1000000,2345262.0,7
2737,1000000,2345248.0,7
2738,1000000,2345176.0,7
2739,1000000,2345224.0,7
2740,1000000,2357480.0,7
2741,1000000,2357484.0,7
2742,1000000,2357465.0,7
2743,1000000,2357458.0,7
2744,1000000,2357416.0,7
2745,1000000,2352149.0,7
2746,1000000,2352140.0,7
2747,1000000,2352132.0,7
2748,1000000,2352107.0,7
2749,1000000,2352165.0,7
2750,1000000,2354919.0,7
2751,1000000,2354855.0,7
2752,1000000,2354906.0,7
2753,1000000,2354882.0,7
2754,1000000,2354913.0,7
2755,1000000,2350313.0,7
2756,1000000,2350304.0,7
2757,1000000,2351126.0,7
2758,1000000,2351113.0,7
2759,1000000,2350287.0,7
2760,1000000,2353221.0,7
2761,1000000,2353282.0,7
2762,1000000,2353259.0,7
2763,1000000,2353231.0,7
2764,1000000,2353272.0,7
2765,1000000,2352910.0,7
2766,1000000,2352878.0,7
2767,1000000,2352958.0,7
2768,1000000,2352970.0,7
2769,1000000,2352955.0,7
2770,1000000,2349628.0,7
2771,1000000,2349603.0,7
2772,1000000,2349627.0,7
2773,1000000,2349600.0,7
2774,1000000,2349544.0,7
2775,1000000,2344942.0,7
2776,1000000,2344970.0,7
2777,1000000,2344977.0,7
2778,1000000,2344904.0,7
2779,1000000,2344937.0,7
2780,1000000,2352830.0,7
2781,1000000,2352911.0,7
2782,1000000,2352902.0,7
2783,1000000,2352888.0,7
2784,1000000,2352873.0,7
2785,1000000,2352684.0,7
2786,1000000,2352701.0,7
2787,1000000,2352606.0,7
2788,1000000,2352714.0,7
2789,1000000,2352676.0,7
2790,1000000,2350182.0,7
2791,1000000,2350205.0,7
2792,1000000,2350197.0,7
2793,1000000,2350196.0,7
2794,1000000,2350211.0,7
2795,1000000,2344213.0,7
2796,1000000,2344227.0,7
2797,1000000,2344154.0,7
2798,1000000,2344165.0,7
2799,1000000,2344173.0,7
2800,1000000,2356705.0,8
2801,1000000,2357486.0,8
2802,1000000,2356710.0,8
2803,1000000,2357487.0,8
2804,1000000,2356726.0,8
2805,1000000,2351706.0,8
2806,1000000,2351750.0,8
2807,1000000,2351755.0,8
2808,1000000,2351709.0,8
2809,1000000,2351702.0,8
2810,1000000,2352445.0,8
2811,1000000,2352398.0,8
2812,1000000,2352391.0,8
2813,1000000,2352454.0,8
2814,1000000,2352347.0,8
2815,1000000,2359418.0,8
2816,1000000,2359458.0,8
2817,1000000,2359409.0,8
2818,1000000,2359461.0,8
2819,1000000,2359435.0,8
2820,1000000,2359891.0,8
2821,1000000,2359910.0,8
2822,1000000,2359896.0,8
2823,1000000,2359817.0,8
2824,1000000,2359882.0,8
2825,1000000,2358582.0,8
2826,1000000,2358603.0,8
2827,1000000,2358549.0,8
2828,1000000,2358606.0,8
2829,1000000,2358531.0,8
2830,1000000,2359374.0,8
2831,1000000,2359396.0,8
2832,1000000,2359400.0,8
2833,1000000,2359380.0,8
2834,1000000,2359421.0,8
2835,1000000,2351738.0,8
2836,1000000,2351743.0,8
2837,1000000,2351756.0,8
2838,1000000,2351758.0,8
2839,1000000,2351716.0,8
2840,1000000,2363562.0,8
2841,1000000,2363538.0,8
2842,1000000,2363469.0,8
2843,1000000,2363541.0,8
2844,1000000,2363537.0,8
2845,1000000,2358848.0,8
2846,1000000,2358822.0,8
2847,1000000,2358815.0,8
2848,1000000,2358814.0,8
2849,1000000,2358838.0,8
2850,1000000,2361248.0,8
2851,1000000,2361294.0,8
2852,1000000,2361311.0,8
2853,1000000,2361308.0,8
2854,1000000,2361313.0,8
2855,1000000,2356909.0,8
2856,1000000,2356916.0,8
2857,1000000,2356957.0,8
2858,1000000,2356959.0,8
2859,1000000,2356960.0,8
2860,1000000,2359840.0,8
2861,1000000,2359832.0,8
2862,1000000,2359779.0,8
2863,1000000,2359784.0,8
2864,1000000,2359830.0,8
2865,1000000,2359506.0,8
2866,1000000,2359505.0,8
2867,1000000,2359493.0,8
2868,1000000,2359532.0,8
2869,1000000,2359528.0,8
2870,1000000,2356107.0,8
2871,1000000,2356853.0,8
2872,1000000,2356097.0,8
2873,1000000,2356119.0,8
2874,1000000,2356853.0,8
2875,1000000,2351545.0,8
2876,1000000,2351554.0,8
2877,1000000,2351510.0,8
2878,1000000,2351466.0,8
2879,1000000,2351493.0,8
2880,1000000,2359423.0,8
2881,1000000,2359476.0,8
2882,1000000,2359528.0,8
2883,1000000,2359524.0,8
2884,1000000,2359492.0,8
2885,1000000,2359461.0,8
2886,1000000,2359459.0,8
2887,1000000,2359470.0,8
2888,1000000,2359463.0,8
2889,1000000,2359471.0,8
2890,1000000,2356874.0,8
2891,1000000,2356905.0,8
2892,1000000,2356829.0,8
2893,1000000,2356914.0,8
2894,1000000,2356818.0,8
2895,1000000,2350947.0,8
2896,1000000,2350905.0,8
2897,1000000,2350856.0,8
2898,1000000,2350937.0,8
2899,1000000,2350903.0,8
2900,1000000,2377152.0,9
2901,1000000,2377087.0,9
2902,1000000,2377144.0,9
2903,1000000,2377148.0,9
2904,1000000,2377136.0,9
2905,1000000,2372559.0,9
2906,1000000,2372488.0,9
2907,1000000,2372512.0,9
2908,1000000,2372506.0,9
2909,1000000,2372551.0,9
2910,1000000,2372722.0,9
2911,1000000,2372759.0,9
2912,1000000,2372758.0,9
2913,1000000,2372787.0,9
2914,1000000,2372783.0,9
2915,1000000,2379822.0,9
2916,1000000,2379876.0,9
2917,1000000,2379882.0,9
2918,1000000,2379861.0,9
2919,1000000,2379874.0,9
2920,1000000,2380325.0,9
2921,1000000,2380282.0,9
2922,1000000,2380270.0,9
2923,1000000,2380265.0,9
2924,1000000,2380291.0,9
2925,1000000,2378948.0,9
2926,1000000,2378945.0,9
2927,1000000,2378958.0,9
2928,1000000,2378958.0,9
2929,1000000,2378885.0,9
2930,1000000,2379735.0,9
2931,1000000,2379730.0,9
2932,1000000,2379744.0,9
2933,1000000,2379707.0,9
2934,1000000,2379754.0,9
2935,1000000,2372722.0,9
2936,1000000,2372779.0,9
2937,1000000,2372724.0,9
2938,1000000,2372743.0,9
2939,1000000,2372735.0,9
2940,1000000,2383640.0,9
2941,1000000,2383695.0,9
2942,1000000,2383692.0,9
2943,1000000,2383695.0,9
2944,1000000,2383678.0,9
2945,1000000,2379224.0,9
2946,1000000,2379145.0,9
2947,1000000,2379237.0,9
2948,1000000,2379154.0,9
2949,1000000,2379241.0,9
2950,1000000,2381478.0,9
2951,1000000,2381464.0,9
2952,1000000,2381488.0,9
2953,1000000,2381509.0,9
2954,1000000,2381509.0,9
2955,1000000,2377356.0,9
2956,1000000,2377416.0,9
2957,1000000,2377434.0,9
2958,1000000,2377474.0,9
2959,1000000,2377417.0,9
2960,1000000,2380237.0,9
2961,1000000,2380324.0,9
2962,1000000,2380299.0,9
2963,1000000,2380302.0,9
2964,1000000,2380219.0,9
2965,1000000,2379857.0,9
2966,1000000,2379854.0,9
2967,1000000,2379794.0,9
2968,1000000,2379872.0,9
2969,1000000,2379888.0,9
2970,1000000,2376669.0,9
2971,1000000,2376642.0,9
2972,1000000,2376687.0,9
2973,1000000,2376685.0,9
2974,1000000,2376992.0,9
2975,1000000,2371870.0,9
2976,1000000,2371894.0,9
2977,1000000,2371826.0,9
2978,1000000,2371800.0,9
2979,1000000,2371904.0,9
2980,1000000,2379777.0,9
2981,1000000,2379802.0,9
2982,1000000,2379780.0,9
2983,1000000,2379808.0,9
2984,1000000,2379811.0,9
2985,1000000,2379564.0,9
2986,1000000,2379647.0,9
2987,1000000,2379612.0,9
2988,1000000,2379519.0,9
2989,1000000,2379583.0,9
2990,1000000,2377400.0,9
2991,1000000,2377359.0,9
2992,1000000,2377389.0,9
2993,1000000,2377364.0,9
2994,1000000,2377357.0,9
2995,1000000,2371149.0,9
2996,1000000,2371172.0,9
2997,1000000,2371072.0,9
2998,1000000,2371163.0,9
2999,1000000,2371082.0,9
3000,10000000,15886483.0,0
3001,10000000,15885584.0,0
3002,10000000,15885690.0,0
3003,10000000,15885651.0,0
3004,10000000,15885947.0,0
3005,10000000,15878015.0,0
3006,10000000,15877531.0,0
3007,10000000,15878136.0,0
3008,10000000,15877964.0,0
3009,10000000,15877845.0,0
3010,10000000,15875221.0,0
3011,10000000,15874695.0,0
3012,10000000,15875254.0,0
3013,10000000,15874490.0,0
3014,10000000,15874816.0,0
3015,10000000,15884862.0,0
3016,10000000,15889604.0,0
3017,10000000,15884362.0,0
3018,10000000,15888973.0,0
3019,10000000,15884234.0,0
3020,10000000,15889430.0,0
3021,10000000,15888999.0,0
3022,10000000,15889159.0,0
3023,10000000,15889014.0,0
3024,10000000,15890114.0,0
3025,10000000,15883759.0,0
3026,10000000,15883224.0,0
3027,10000000,15883617.0,0
3028,10000000,15883216.0,0
3029,10000000,15883162.0,0
3030,10000000,15889867.0,0
3031,10000000,15889870.0,0
3032,10000000,15890397.0,0
3033,10000000,15891398.0,0
3034,10000000,15890278.0,0
3035,10000000,15877856.0,0
3036,10000000,15877889.0,0
3037,10000000,15878011.0,0
3038,10000000,15877587.0,0
3039,10000000,15877725.0,0
3040,10000000,15889809.0,0
3041,10000000,15890240.0,0
3042,10000000,15890360.0,0
3043,10000000,15889674.0,0
3044,10000000,15889903.0,0
3045,10000000,15886771.0,0
3046,10000000,15886997.0,0
3047,10000000,15887091.0,0
3048,10000000,15886859.0,0
3049,10000000,15886619.0,0
3050,10000000,15892311.0,0
3051,10000000,15889673.0,0
3052,10000000,15888679.0,0
3053,10000000,15888838.0,0
3054,10000000,15889255.0,0
3055,10000000,15886094.0,0
3056,10000000,15886457.0,0
3057,10000000,15886280.0,0
3058,10000000,15887011.0,0
3059,10000000,15886394.0,0
3060,10000000,15888067.0,0
3061,10000000,15887809.0,0
3062,10000000,15888272.0,0
3063,10000000,15888335.0,0
3064,10000000,15888503.0,0
3065,10000000,15887779.0,0
3066,10000000,15890399.0,0
3067,10000000,15888075.0,0
3068,10000000,15887788.0,0
3069,10000000,15888287.0,0
3070,10000000,15886514.0,0
3071,10000000,15886926.0,0
3072,10000000,15886310.0,0
3073,10000000,15886106.0,0
3074,10000000,15887394.0,0
3075,10000000,15877582.0,0
3076,10000000,15877992.0,0
3077,10000000,15878318.0,0
3078,10000000,15877225.0,0
3079,10000000,15877809.0,0
3080,10000000,15887265.0,0
3081,10000000,15887106.0,0
3082,10000000,15886956.0,0
3083,10000000,15887105.0,0
3084,10000000,15887146.0,0
3085,10000000,15887384.0,0
3086,10000000,15888278.0,0
3087,10000000,15888685.0,0
3088,10000000,15888786.0,0
3089,10000000,15887794.0,0
3090,10000000,15885671.0,0
3091,10000000,15884791.0,0
3092,10000000,15884738.0,0
3093,10000000,15885400.0,0
3094,10000000,15886239.0,0
3095,10000000,15876987.0,0
3096,10000000,15877593.0,0
3097,10000000,15876874.0,0
3098,10000000,15877396.0,0
3099,10000000,15877791.0,0
3100,10000000,14066239.0,1
3101,10000000,14066984.0,1
3102,10000000,14066815.0,1
3103,10000000,14066988.0,1
3104,10000000,14066532.0,1
3105,10000000,14056651.0,1
3106,10000000,14056426.0,1
3107,10000000,14057158.0,1
3108,10000000,14056948.0,1
3109,10000000,14056622.0,1
3110,10000000,14056982.0,1
3111,10000000,14056759.0,1
3112,10000000,14056178.0,1
3113,10000000,14056927.0,1
3114,10000000,14056918.0,1
3115,10000000,14064035.0,1
3116,10000000,14063757.0,1
3117,10000000,14063370.0,1
3118,10000000,14063697.0,1
3119,10000000,14063645.0,1
3120,10000000,14067224.0,1
3121,10000000,14067246.0,1
3122,10000000,14066467.0,1
3123,10000000,14066359.0,1
3124,10000000,14067130.0,1
3125,10000000,14065847.0,1
3126,10000000,14065591.0,1
3127,10000000,14065957.0,1
3128,10000000,14065894.0,1
3129,10000000,14066224.0,1
3130,10000000,14069646.0,1
3131,10000000,14069378.0,1
3132,10000000,14069691.0,1
3133,10000000,14069338.0,1
3134,10000000,14070763.0,1
3135,10000000,14057269.0,1
3136,10000000,14056554.0,1
3137,10000000,14056630.0,1
3138,10000000,14056319.0,1
3139,10000000,14056636.0,1
3140,10000000,14066127.0,1
3141,10000000,14065989.0,1
3142,10000000,14066504.0,1
3143,10000000,14066051.0,1
3144,10000000,14065902.0,1
3145,10000000,14065658.0,1
3146,10000000,14065723.0,1
3147,10000000,14066486.0,1
3148,10000000,14065917.0,1
3149,10000000,14066571.0,1
3150,10000000,14068652.0,1
3151,10000000,14068953.0,1
3152,10000000,14068440.0,1
3153,10000000,14068732.0,1
3154,10000000,14068854.0,1
3155,10000000,14065034.0,1
3156,10000000,14066243.0,1
3157,10000000,14065316.0,1
3158,10000000,14065596.0,1
3159,10000000,14065531.0,1
3160,10000000,14067314.0,1
3161,10000000,14066438.0,1
3162,10000000,14066258.0,1
3163,10000000,14067830.0,1
3164,10000000,14069885.0,1
3165,10000000,14066915.0,1
3166,10000000,14067296.0,1
3167,10000000,14068051.0,1
3168,10000000,14066711.0,1
3169,10000000,14066885.0,1
3170,10000000,14066186.0,1
3171,10000000,14066105.0,1
3172,10000000,14066346.0,1
3173,10000000,14066054.0,1
3174,10000000,14065829.0,1
3175,10000000,14056861.0,1
3176,10000000,14056065.0,1
3177,10000000,14056112.0,1
3178,10000000,14056072.0,1
3179,10000000,14055929.0,1
3180,10000000,14067252.0,1
3181,10000000,14066484.0,1
3182,10000000,14066998.0,1
3183,10000000,14066971.0,1
3184,10000000,14067621.0,1
3185,10000000,14067231.0,1
3186,10000000,14066916.0,1
3187,10000000,14067624.0,1
3188,10000000,14068194.0,1
3189,10000000,14067084.0,1
3190,10000000,14071455.0,1
3191,10000000,14070922.0,1
3192,10000000,14070732.0,1
3193,10000000,14077362.0,1
3194,10000000,14076458.0,1
3195,10000000,14055883.0,1
3196,10000000,14055478.0,1
3197,10000000,14055564.0,1
3198,10000000,14055761.0,1
3199,10000000,14056000.0,1
3200,10000000,15378713.0,2
3201,10000000,15378704.0,2
3202,10000000,15378628.0,2
3203,10000000,15378500.0,2
3204,10000000,15378636.0,2
3205,10000000,15366753.0,2
3206,10000000,15366700.0,2
3207,10000000,15367311.0,2
3208,10000000,15366924.0,2
3209,10000000,15367173.0,2
3210,10000000,15369300.0,2
3211,10000000,15369991.0,2
3212,10000000,15370150.0,2
3213,10000000,15369594.0,2
3214,10000000,15369762.0,2
3215,10000000,15378787.0,2
3216,10000000,15378958.0,2
3217,10000000,15378511.0,2
3218,10000000,15378251.0,2
3219,10000000,15379365.0,2
3220,10000000,15380789.0,2
3221,10000000,15381432.0,2
3222,10000000,15381578.0,2
3223,10000000,15380785.0,2
3224,10000000,15381335.0,2
3225,10000000,15381055.0,2
3226,10000000,15380122.0,2
3227,10000000,15380491.0,2
3228,10000000,15380336.0,2
3229,10000000,15380077.0,2
3230,10000000,15380329.0,2
3231,10000000,15381342.0,2
3232,10000000,15381627.0,2
3233,10000000,15381446.0,2
3234,10000000,15380434.0,2
3235,10000000,15369951.0,2
3236,10000000,15370370.0,2
3237,10000000,15369312.0,2
3238,10000000,15370230.0,2
3239,10000000,15369862.0,2
3240,10000000,15380009.0,2
3241,10000000,15379782.0,2
3242,10000000,15380247.0,2
3243,10000000,15380049.0,2
3244,10000000,15380140.0,2
3245,10000000,15379507.0,2
3246,10000000,15379468.0,2
3247,10000000,15379522.0,2
3248,10000000,15379227.0,2
3249,10000000,15379515.0,2
3250,10000000,15382309.0,2
3251,10000000,15381829.0,2
3252,10000000,15381647.0,2
3253,10000000,15381961.0,2
3254,10000000,15382772.0,2
3255,10000000,15379482.0,2
3256,10000000,15380081.0,2
3257,10000000,15379084.0,2
3258,10000000,15378801.0,2
3259,10000000,15378814.0,2
3260,10000000,15380983.0,2
3261,10000000,15381885.0,2
3262,10000000,15379992.0,2
3263,10000000,15381135.0,2
3264,10000000,15381842.0,2
3265,10000000,15380290.0,2
3266,10000000,15380452.0,2
3267,10000000,15380280.0,2
3268,10000000,15380255.0,2
3269,10000000,15380841.0,2
3270,10000000,15379067.0,2
3271,10000000,15377952.0,2
3272,10000000,15378023.0,2
3273,10000000,15378358.0,2
3274,10000000,15378217.0,2
3275,10000000,15368249.0,2
3276,10000000,15367831.0,2
3277,10000000,15368197.0,2
3278,10000000,15367855.0,2
3279,10000000,15367701.0,2
3280,10000000,15377548.0,2
3281,10000000,15377583.0,2
3282,10000000,15376855.0,2
3283,10000000,15377734.0,2
3284,10000000,15377516.0,2
3285,10000000,15380833.0,2
3286,10000000,15380593.0,2
3287,10000000,15381289.0,2
3288,10000000,15381570.0,2
3289,10000000,15381176.0,2
3290,10000000,15378225.0,2
3291,10000000,15378318.0,2
3292,10000000,15379212.0,2
3293,10000000,15379295.0,2
3294,10000000,15378859.0,2
3295,10000000,15369333.0,2
3296,10000000,15370127.0,2
3297,10000000,15369758.0,2
3298,10000000,15369740.0,2
3299,10000000,15369486.0,2
3300,10000000,14196921.0,3
3301,10000000,14196733.0,3
3302,10000000,14197026.0,3
3303,10000000,14197254.0,3
3304,10000000,14197609.0,3
3305,10000000,14188923.0,3
3306,10000000,14188963.0,3
3307,10000000,14188400.0,3
3308,10000000,14188766.0,3
3309,10000000,14188371.0,3
3310,10000000,14189682.0,3
3311,10000000,14189537.0,3
3312,10000000,14190000.0,3
3313,10000000,14189794.0,3
3314,10000000,14189285.0,3
3315,10000000,14195730.0,3
3316,10000000,14195125.0,3
3317,10000000,14194998.0,3
3318,10000000,14195440.0,3
3319,10000000,14195255.0,3
3320,10000000,14198710.0,3
3321,10000000,14198693.0,3
3322,10000000,14199291.0,3
3323,10000000,14198910.0,3
3324,10000000,14199320.0,3
3325,10000000,14197138.0,3
3326,10000000,14197040.0,3
3327,10000000,14197263.0,3
3328,10000000,14197231.0,3
3329,10000000,14196981.0,3
3330,10000000,14199280.0,3
3331,10000000,14198866.0,3
3332,10000000,14199464.0,3
3333,10000000,14200156.0,3
3334,10000000,14200640.0,3
3335,10000000,14188889.0,3
3336,10000000,14189484.0,3
3337,10000000,14188785.0,3
3338,10000000,14188480.0,3
3339,10000000,14188538.0,3
3340,10000000,14199573.0,3
3341,10000000,14199725.0,3
3342,10000000,14199209.0,3
3343,10000000,14199901.0,3
3344,10000000,14199818.0,3
3345,10000000,14193880.0,3
3346,10000000,14194535.0,3
3347,10000000,14194006.0,3
3348,10000000,14194475.0,3
3349,10000000,14194015.0,3
3350,10000000,14199905.0,3
3351,10000000,14199620.0,3
3352,10000000,14199319.0,3
3353,10000000,14199279.0,3
3354,10000000,14199671.0,3
3355,10000000,14197025.0,3
3356,10000000,14197423.0,3
3357,10000000,14197029.0,3
3358,10000000,14197945.0,3
3359,10000000,14196695.0,3
3360,10000000,14197953.0,3
3361,10000000,14198009.0,3
3362,10000000,14201665.0,3
3363,10000000,14197326.0,3
3364,10000000,14196913.0,3
3365,10000000,14199142.0,3
3366,10000000,14198724.0,3
3367,10000000,14199570.0,3
3368,10000000,14202285.0,3
3369,10000000,14199761.0,3
3370,10000000,14196481.0,3
3371,10000000,14196356.0,3
3372,10000000,14197058.0,3
3373,10000000,14196630.0,3
3374,10000000,14197057.0,3
3375,10000000,14188387.0,3
3376,10000000,14188450.0,3
3377,10000000,14188391.0,3
3378,10000000,14188832.0,3
3379,10000000,14187732.0,3
3380,10000000,14195212.0,3
3381,10000000,14195778.0,3
3382,10000000,14195386.0,3
3383,10000000,14194941.0,3
3384,10000000,14195206.0,3
3385,10000000,14198868.0,3
3386,10000000,14198750.0,3
3387,10000000,14201277.0,3
3388,10000000,14198686.0,3
3389,10000000,14199389.0,3
3390,10000000,14198317.0,3
3391,10000000,14198001.0,3
3392,10000000,14197207.0,3
3393,10000000,14197327.0,3
3394,10000000,14197491.0,3
3395,10000000,14187588.0,3
3396,10000000,14188710.0,3
3397,10000000,14188558.0,3
3398,10000000,14188964.0,3
3399,10000000,14187822.0,3
3400,10000000,14763947.0,4
3401,10000000,14763217.0,4
3402,10000000,14762801.0,4
3403,10000000,14762908.0,4
3404,10000000,14763585.0,4
3405,10000000,14756421.0,4
3406,10000000,14755328.0,4
3407,10000000,14755394.0,4
3408,10000000,14756134.0,4
3409,10000000,14755636.0,4
3410,10000000,14755899.0,4
3411,10000000,14756336.0,4
3412,10000000,14756220.0,4
3413,10000000,14755789.0,4
3414,10000000,14756191.0,4
3415,10000000,14762687.0,4
3416,10000000,14763401.0,4
3417,10000000,14762861.0,4
3418,10000000,14762649.0,4
3419,10000000,14762687.0,4
3420,10000000,14767307.0,4
3421,10000000,14767066.0,4
3422,10000000,14766376.0,4
3423,10000000,14766180.0,4
3424,10000000,14766812.0,4
3425,10000000,14762112.0,4
3426,10000000,14761734.0,4
3427,10000000,14761575.0,4
3428,10000000,14761657.0,4
3429,10000000,14761807.0,4
3430,10000000,14766260.0,4
3431,10000000,14766845.0,4
3432,10000000,14766843.0,4
3433,10000000,14766363.0,4
3434,10000000,14766266.0,4
3435,10000000,14754583.0,4
3436,10000000,14754008.0,4
3437,10000000,14754242.0,4
3438,10000000,14753861.0,4
3439,10000000,14754659.0,4
3440,10000000,14769027.0,4
3441,10000000,14768671.0,4
3442,10000000,14767870.0,4
3443,10000000,14769625.0,4
3444,10000000,14767892.0,4
3445,10000000,14764106.0,4
3446,10000000,14763896.0,4
3447,10000000,14764294.0,4
3448,10000000,14764391.0,4
3449,10000000,14764205.0,4
3450,10000000,14767658.0,4
3451,10000000,14766810.0,4
3452,10000000,14766751.0,4
3453,10000000,14767803.0,4
3454,10000000,14768127.0,4
3455,10000000,14764498.0,4
3456,10000000,14764960.0,4
3457,10000000,14765585.0,4
3458,10000000,14764823.0,4
3459,10000000,14765489.0,4
3460,10000000,14766635.0,4
3461,10000000,14766690.0,4
3462,10000000,14767259.0,4
3463,10000000,14767291.0,4
3464,10000000,14767049.0,4
3465,10000000,14766173.0,4
3466,10000000,14766231.0,4
3467,10000000,14767223.0,4
3468,10000000,14766769.0,4
3469,10000000,14766631.0,4
3470,10000000,14764627.0,4
3471,10000000,14764759.0,4
3472,10000000,14764305.0,4
3473,10000000,14765677.0,4
3474,10000000,14765268.0,4
3475,10000000,14756332.0,4
3476,10000000,14757283.0,4
3477,10000000,14757132.0,4
3478,10000000,14757076.0,4
3479,10000000,14757301.0,4
3480,10000000,14764645.0,4
3481,10000000,14764188.0,4
3482,10000000,14763938.0,4
3483,10000000,14764210.0,4
3484,10000000,14764430.0,4
3485,10000000,14766967.0,4
3486,10000000,14766716.0,4
3487,10000000,14766305.0,4
3488,10000000,14766754.0,4
3489,10000000,14766526.0,4
3490,10000000,14767159.0,4
3491,10000000,14766779.0,4
3492,10000000,14766650.0,4
3493,10000000,14766981.0,4
3494,10000000,14766989.0,4
3495,10000000,14756094.0,4
3496,10000000,14755816.0,4
3497,10000000,14755746.0,4
3498,10000000,14756066.0,4
3499,10000000,14755496.0,4
3500,10000000,15810549.0,5
3501,10000000,15810413.0,5
3502,10000000,15810992.0,5
3503,10000000,15810212.0,5
3504,10000000,15810146.0,5
3505,10000000,15801825.0,5
3506,10000000,15801435.0,5
3507,10000000,15801969.0,5
3508,10000000,15801903.0,5
3509,10000000,15801743.0,5
3510,10000000,15803004.0,5
3511,10000000,15802838.0,5
3512,10000000,15802272.0,5
3513,10000000,15803229.0,5
3514,10000000,15802929.0,5
3515,10000000,15811708.0,5
3516,10000000,15812025.0,5
3517,10000000,15811557.0,5
3518,10000000,15811844.0,5
3519,10000000,15812189.0,5
3520,10000000,15812543.0,5
3521,10000000,15811713.0,5
3522,10000000,15815073.0,5
3523,10000000,15813143.0,5
3524,10000000,15811406.0,5
3525,10000000,15808310.0,5
3526,10000000,15808370.0,5
3527,10000000,15808431.0,5
3528,10000000,15809089.0,5
3529,10000000,15808601.0,5
3530,10000000,15811706.0,5
3531,10000000,15811771.0,5
3532,10000000,15811841.0,5
3533,10000000,15811871.0,5
3534,10000000,15811849.0,5
3535,10000000,15802541.0,5
3536,10000000,15802482.0,5
3537,10000000,15802042.0,5
3538,10000000,15801959.0,5
3539,10000000,15802276.0,5
3540,10000000,15814222.0,5
3541,10000000,15814176.0,5
3542,10000000,15814443.0,5
3543,10000000,15814572.0,5
3544,10000000,15814375.0,5
3545,10000000,15808415.0,5
3546,10000000,15807862.0,5
3547,10000000,15807872.0,5
3548,10000000,15808047.0,5
3549,10000000,15807873.0,5
3550,10000000,15812347.0,5
3551,10000000,15813075.0,5
3552,10000000,15812644.0,5
3553,10000000,15812567.0,5
3554,10000000,15813407.0,5
3555,10000000,15810560.0,5
3556,10000000,15809966.0,5
3557,10000000,15810054.0,5
3558,10000000,15809352.0,5
3559,10000000,15809362.0,5
3560,10000000,15813539.0,5
3561,10000000,15813411.0,5
3562,10000000,15813227.0,5
3563,10000000,15812645.0,5
3564,10000000,15812925.0,5
3565,10000000,15811368.0,5
3566,10000000,15810967.0,5
3567,10000000,15812386.0,5
3568,10000000,15811173.0,5
3569,10000000,15811171.0,5
3570,10000000,15810809.0,5
3571,10000000,15810841.0,5
3572,10000000,15811139.0,5
3573,10000000,15811014.0,5
3574,10000000,15811443.0,5
3575,10000000,15802708.0,5
3576,10000000,15802584.0,5
3577,10000000,15802217.0,5
3578,10000000,15802427.0,5
3579,10000000,15802217.0,5
3580,10000000,15811892.0,5
3581,10000000,15811734.0,5
3582,10000000,15812065.0,5
3583,10000000,15812562.0,5
3584,10000000,15812851.0,5
3585,10000000,15812013.0,5
3586,10000000,15812215.0,5
3587,10000000,15811464.0,5
3588,10000000,15812008.0,5
3589,10000000,15812089.0,5
3590,10000000,15810946.0,5
3591,10000000,15811392.0,5
3592,10000000,15810671.0,5
3593,10000000,15810678.0,5
3594,10000000,15810131.0,5
3595,10000000,15800773.0,5
3596,10000000,15800841.0,5
3597,10000000,15800803.0,5
3598,10000000,15800247.0,5
3599,10000000,15800829.0,5
3600,10000000,14657501.0,6
3601,10000000,14656869.0,6
3602,10000000,14657537.0,6
3603,10000000,14656887.0,6
3604,10000000,14657441.0,6
3605,10000000,14650152.0,6
3606,10000000,14649924.0,6
3607,10000000,14650341.0,6
3608,10000000,14650548.0,6
3609,10000000,14650393.0,6
3610,10000000,14650860.0,6
3611,10000000,14651235.0,6
3612,10000000,14651283.0,6
3613,10000000,14650740.0,6
3614,10000000,14650224.0,6
3615,10000000,14658714.0,6
3616,10000000,14658092.0,6
3617,10000000,14657780.0,6
3618,10000000,14658573.0,6
3619,10000000,14658639.0,6
3620,10000000,14659704.0,6
3621,10000000,14659756.0,6
3622,10000000,14660780.0,6
3623,10000000,14659653.0,6
3624,10000000,14659418.0,6
3625,10000000,14657078.0,6
3626,10000000,14656920.0,6
3627,10000000,14656952.0,6
3628,10000000,14657097.0,6
3629,10000000,14657333.0,6
3630,10000000,14659678.0,6
3631,10000000,14659611.0,6
3632,10000000,14661019.0,6
3633,10000000,14660912.0,6
3634,10000000,14659428.0,6
3635,10000000,14650512.0,6
3636,10000000,14650152.0,6
3637,10000000,14649651.0,6
3638,10000000,14649856.0,6
3639,10000000,14649793.0,6
3640,10000000,14659710.0,6
3641,10000000,14659657.0,6
3642,10000000,14658967.0,6
3643,10000000,14660350.0,6
3644,10000000,14660014.0,6
3645,10000000,14660635.0,6
3646,10000000,14661134.0,6
3647,10000000,14661726.0,6
3648,10000000,14661569.0,6
3649,10000000,14661080.0,6
3650,10000000,14661037.0,6
3651,10000000,14660717.0,6
3652,10000000,14660794.0,6
3653,10000000,14660509.0,6
3654,10000000,14661037.0,6
3655,10000000,14660702.0,6
3656,10000000,14658316.0,6
3657,10000000,14658377.0,6
3658,10000000,14657483.0,6
3659,10000000,14658454.0,6
3660,10000000,14659176.0,6
3661,10000000,14659595.0,6
3662,10000000,14661739.0,6
3663,10000000,14659637.0,6
3664,10000000,14660576.0,6
3665,10000000,14659213.0,6
3666,10000000,14659433.0,6
3667,10000000,14666139.0,6
3668,10000000,14659180.0,6
3669,10000000,14665548.0,6
3670,10000000,14659079.0,6
3671,10000000,14658214.0,6
3672,10000000,14659363.0,6
3673,10000000,14658976.0,6
3674,10000000,14657908.0,6
3675,10000000,14650342.0,6
3676,10000000,14650495.0,6
3677,10000000,14650284.0,6
3678,10000000,14649756.0,6
3679,10000000,14650136.0,6
3680,10000000,14656351.0,6
3681,10000000,14656366.0,6
3682,10000000,14656046.0,6
3683,10000000,14655621.0,6
3684,10000000,14655760.0,6
3685,10000000,14659962.0,6
3686,10000000,14660758.0,6
3687,10000000,14660323.0,6
3688,10000000,14659997.0,6
3689,10000000,14659938.0,6
3690,10000000,14659710.0,6
3691,10000000,14659970.0,6
3692,10000000,14659504.0,6
3693,10000000,14659693.0,6
3694,10000000,14659596.0,6
3695,10000000,14649472.0,6
3696,10000000,14648771.0,6
3697,10000000,14649799.0,6
3698,10000000,14649344.0,6
3699,10000000,14648752.0,6
3700,10000000,14812070.0,7
3701,10000000,14811721.0,7
3702,10000000,14812711.0,7
3703,10000000,14812096.0,7
3704,10000000,14811914.0,7
3705,10000000,14809902.0,7
3706,10000000,14809608.0,7
3707,10000000,14803878.0,7
3708,10000000,14803420.0,7
3709,10000000,14804174.0,7
3710,10000000,14803358.0,7
3711,10000000,14803549.0,7
3712,10000000,14803050.0,7
3713,10000000,14803842.0,7
3714,10000000,14802973.0,7
3715,10000000,14812533.0,7
3716,10000000,14812756.0,7
3717,10000000,14812439.0,7
3718,10000000,14812763.0,7
3719,10000000,14812806.0,7
3720,10000000,14813669.0,7
3721,10000000,14813754.0,7
3722,10000000,14813428.0,7
3723,10000000,14813707.0,7
3724,10000000,14814952.0,7
3725,10000000,14810925.0,7
3726,10000000,14811405.0,7
3727,10000000,14810390.0,7
3728,10000000,14811183.0,7
3729,10000000,14810412.0,7
3730,10000000,14814477.0,7
3731,10000000,14812959.0,7
3732,10000000,14815025.0,7
3733,10000000,14815170.0,7
3734,10000000,14813684.0,7
3735,10000000,14804175.0,7
3736,10000000,14803708.0,7
3737,10000000,14804159.0,7
3738,10000000,14803493.0,7
3739,10000000,14803873.0,7
3740,10000000,14819423.0,7
3741,10000000,14813376.0,7
3742,10000000,14813722.0,7
3743,10000000,14819892.0,7
3744,10000000,14813661.0,7
3745,10000000,14811666.0,7
3746,10000000,14811357.0,7
3747,10000000,14811774.0,7
3748,10000000,14811189.0,7
3749,10000000,14813153.0,7
3750,10000000,14812398.0,7
3751,10000000,14812448.0,7
3752,10000000,14812397.0,7
3753,10000000,14812755.0,7
3754,10000000,14813335.0,7
3755,10000000,14812520.0,7
3756,10000000,14812747.0,7
3757,10000000,14813299.0,7
3758,10000000,14812932.0,7
3759,10000000,14813080.0,7
3760,10000000,14815623.0,7
3761,10000000,14814731.0,7
3762,10000000,14815238.0,7
3763,10000000,14814758.0,7
3764,10000000,14814984.0,7
3765,10000000,14813641.0,7
3766,10000000,14813321.0,7
3767,10000000,14813938.0,7
3768,10000000,14813901.0,7
3769,10000000,14813197.0,7
3770,10000000,14810447.0,7
3771,10000000,14811206.0,7
3772,10000000,14811252.0,7
3773,10000000,14810537.0,7
3774,10000000,14811539.0,7
3775,10000000,14799477.0,7
3776,10000000,14800042.0,7
3777,10000000,14799656.0,7
3778,10000000,14799752.0,7
3779,10000000,14799737.0,7
3780,10000000,14812198.0,7
3781,10000000,14811885.0,7
3782,10000000,14811836.0,7
3783,10000000,14812084.0,7
3784,10000000,14811283.0,7
3785,10000000,14813768.0,7
3786,10000000,14814080.0,7
3787,10000000,14812058.0,7
3788,10000000,14812476.0,7
3789,10000000,14812810.0,7
3790,10000000,14810537.0,7
3791,10000000,14815791.0,7
3792,10000000,14810964.0,7
3793,10000000,14811311.0,7
3794,10000000,14816035.0,7
3795,10000000,14802555.0,7
3796,10000000,14803061.0,7
3797,10000000,14802703.0,7
3798,10000000,14802390.0,7
3799,10000000,14802775.0,7
3800,10000000,14233996.0,8
3801,10000000,14233114.0,8
3802,10000000,14232610.0,8
3803,10000000,14233685.0,8
3804,10000000,14232535.0,8
3805,10000000,14226312.0,8
3806,10000000,14226430.0,8
3807,10000000,14226211.0,8
3808,10000000,14226165.0,8
3809,10000000,14226281.0,8
3810,10000000,14227209.0,8
3811,10000000,14227408.0,8
3812,10000000,14227123.0,8
3813,10000000,14226963.0,8
3814,10000000,14227648.0,8
3815,10000000,14236621.0,8
3816,10000000,14236103.0,8
3817,10000000,14236492.0,8
3818,10000000,14236611.0,8
3819,10000000,14236369.0,8
3820,10000000,14235624.0,8
3821,10000000,14241305.0,8
3822,10000000,14236177.0,8
3823,10000000,14241733.0,8
3824,10000000,14235715.0,8
3825,10000000,14232769.0,8
3826,10000000,14233180.0,8
3827,10000000,14233774.0,8
3828,10000000,14233254.0,8
3829,10000000,14233260.0,8
3830,10000000,14235640.0,8
3831,10000000,14235314.0,8
3832,10000000,14236362.0,8
3833,10000000,14235412.0,8
3834,10000000,14235450.0,8
3835,10000000,14226538.0,8
3836,10000000,14226427.0,8
3837,10000000,14226335.0,8
3838,10000000,14226852.0,8
3839,10000000,14226784.0,8
3840,10000000,14236641.0,8
3841,10000000,14236578.0,8
3842,10000000,14236704.0,8
3843,10000000,14236216.0,8
3844,10000000,14237773.0,8
3845,10000000,14234699.0,8
3846,10000000,14234219.0,8
3847,10000000,14234576.0,8
3848,10000000,14234563.0,8
3849,10000000,14234991.0,8
3850,10000000,14235316.0,8
3851,10000000,14235685.0,8
3852,10000000,14235450.0,8
3853,10000000,14236376.0,8
3854,10000000,14235916.0,8
3855,10000000,14234644.0,8
3856,10000000,14234875.0,8
3857,10000000,14234462.0,8
3858,10000000,14234809.0,8
3859,10000000,14234721.0,8
3860,10000000,14236456.0,8
3861,10000000,14236276.0,8
3862,10000000,14236707.0,8
3863,10000000,14236345.0,8
3864,10000000,14236695.0,8
3865,10000000,14235750.0,8
3866,10000000,14234907.0,8
3867,10000000,14235831.0,8
3868,10000000,14235801.0,8
3869,10000000,14235698.0,8
3870,10000000,14234816.0,8
3871,10000000,14233827.0,8
3872,10000000,14234029.0,8
3873,10000000,14234308.0,8
3874,10000000,14234105.0,8
3875,10000000,14230626.0,8
3876,10000000,14225224.0,8
3877,10000000,14230724.0,8
3878,10000000,14225326.0,8
3879,10000000,14224797.0,8
3880,10000000,14234703.0,8
3881,10000000,14234729.0,8
3882,10000000,14234307.0,8
3883,10000000,14235452.0,8
3884,10000000,14235221.0,8
3885,10000000,14235473.0,8
3886,10000000,14235517.0,8
3887,10000000,14236688.0,8
3888,10000000,14235897.0,8
3889,10000000,14236139.0,8
3890,10000000,14236114.0,8
3891,10000000,14234527.0,8
3892,10000000,14235715.0,8
3893,10000000,14234677.0,8
3894,10000000,14234784.0,8
3895,10000000,14225565.0,8
3896,10000000,14225354.0,8
3897,10000000,14225429.0,8
3898,10000000,14225618.0,8
3899,10000000,14225903.0,8
3900,10000000,13965926.0,9
3901,10000000,13965410.0,9
3902,10000000,13965253.0,9
3903,10000000,13965332.0,9
3904,10000000,13965037.0,9
3905,10000000,13957753.0,9
3906,10000000,13957217.0,9
3907,10000000,13957570.0,9
3908,10000000,13956898.0,9
3909,10000000,13957177.0,9
3910,10000000,13959347.0,9
3911,10000000,13959767.0,9
3912,10000000,13959934.0,9
3913,10000000,13959573.0,9
3914,10000000,13960435.0,9
3915,10000000,13968182.0,9
3916,10000000,13967767.0,9
3917,10000000,13969318.0,9
3918,10000000,13968310.0,9
3919,10000000,13968065.0,9
3920,10000000,13968906.0,9
3921,10000000,13969452.0,9
3922,10000000,13969401.0,9
3923,10000000,13969686.0,9
3924,10000000,13969591.0,9
3925,10000000,13966882.0,9
3926,10000000,13965840.0,9
3927,10000000,13965876.0,9
3928,10000000,13965868.0,9
3929,10000000,13965979.0,9
3930,10000000,13969153.0,9
3931,10000000,13969443.0,9
3932,10000000,13968681.0,9
3933,10000000,13968444.0,9
3934,10000000,13968764.0,9
3935,10000000,13957052.0,9
3936,10000000,13956466.0,9
3937,10000000,13956101.0,9
3938,10000000,13956658.0,9
3939,10000000,13957231.0,9
3940,10000000,13966600.0,9
3941,10000000,13965819.0,9
3942,10000000,13965896.0,9
3943,10000000,13966428.0,9
3944,10000000,13967100.0,9
3945,10000000,13966389.0,9
3946,10000000,13967334.0,9
3947,10000000,13966505.0,9
3948,10000000,13966271.0,9
3949,10000000,13966396.0,9
3950,10000000,13974778.0,9
3951,10000000,13968841.0,9
3952,10000000,13968144.0,9
3953,10000000,13967973.0,9
3954,10000000,13974089.0,9
3955,10000000,13968779.0,9
3956,10000000,13968983.0,9
3957,10000000,13968723.0,9
3958,10000000,13968981.0,9
3959,10000000,13968650.0,9
3960,10000000,13970490.0,9
3961,10000000,13970462.0,9
3962,10000000,13970369.0,9
3963,10000000,13970111.0,9
3964,10000000,13970699.0,9
3965,10000000,13968603.0,9
3966,10000000,13969387.0,9
3967,10000000,13969704.0,9
3968,10000000,13969406.0,9
3969,10000000,13968863.0,9
3970,10000000,13968459.0,9
3971,10000000,13968652.0,9
3972,10000000,13968136.0,9
3973,10000000,13968773.0,9
3974,10000000,13968162.0,9
3975,10000000,13960027.0,9
3976,10000000,13960080.0,9
3977,10000000,13959479.0,9
3978,10000000,13959564.0,9
3979,10000000,13960523.0,9
3980,10000000,13964989.0,9
3981,10000000,13964708.0,9
3982,10000000,13964599.0,9
3983,10000000,13965334.0,9
3984,10000000,13965375.0,9
3985,10000000,13968477.0,9
3986,10000000,13969697.0,9
3987,10000000,13970391.0,9
3988,10000000,13969602.0,9
3989,10000000,13969027.0,9
3990,10000000,13968427.0,9
3991,10000000,13968454.0,9
3992,10000000,13968660.0,9
3993,10000000,13968513.0,9
3994,10000000,13968154.0,9
3995,10000000,13958440.0,9
3996,10000000,13958828.0,9
3997,10000000,13958529.0,9
3998,10000000,13957912.0,9
3999,10000000,13958184.0,9
